Id	Output	PredictedCharacters
1	abacas	['s', 'm', 'c', 'i', 'a', 'u', 'e', 'o', 'y', 'p', 'b']
2	abacate	['b', 'a', 'r', 'n', 'l', 't', 'm', 's', 'c', 'u', 'e']
3	a_aca__	['p', 'a', 'r', 'n', 'l', 't', 'm', 's', 'c', 'u']
4	a_aci	['a', 'u', 'e', 'o', 'i', 'y', 'c', 'p', 'n', 'v', 't']
5	a_acinat_	['a', 'n', 'i', 'r', 'l', 't', 's', 'm', 'd', 'k', 'h', 'c', 'u']
6	a_acinati_n	['a', 'n', 'i', 'r', 'l', 't', 's', 'm', 'd', 'k', 'h', 'c', 'u']
7	a_a_is_i	['a', 'n', 'r', 'l', 't', 's', 'e', 'i', 'm', 'd', 'k']
8	a_a_is__s	['a', 'n', 'r', 'l', 't', 's', 'e', 'i', 'm', 'd', 'k']
9	a_a_ist	['a', 'n', 'r', 'l', 't', 's', 'e', 'i', 'm', 'd', 'k', 'h']
10	a_ac_	['a', 'u', 'e', 'o', 'i', 'y', 'c', 'p', 'j', 'l']
11	abacli	['a', 'n', 'r', 'l', 'i', 'e', 's', 'u', 't', 'b', 'c']
12	a_acot	['a', 'n', 'r', 'l', 't', 's', 'm', 'c', 'u', 'e', 'o', 'i']
13	a_acterial	['a', 'n', 'r', 'i', 'e', 'l', 't', 's', 'c', 'u', 'o', 'y', 'p', 'v', 'w']
14	a_actinal	['a', 'n', 'i', 'r', 'l', 't', 's', 'e', 'c', 'u', 'o', 'y', 'p', 'v']
15	abactinally	['a', 'n', 'i', 'r', 'l', 't', 's', 'e', 'c', 'u', 'o', 'y', 'p', 'd', 'b']
16	a_action	['a', 'n', 'r', 'l', 't', 's', 'i', 'e', 'c', 'u', 'o', 'y', 'p', 'h']
17	a_actor	['a', 'n', 'r', 'l', 't', 's', 'i', 'e', 'c', 'u', 'o', 'y', 'p']
18	a_ac_li	['a', 'n', 'r', 'l', 't', 'e', 's', 'i', 'm', 'o', 'c', 'h']
19	a_ac_l_s	['a', 'n', 'r', 'l', 't', 'e', 's', 'i', 'm', 'o', 'c', 'h']
20	a_acus	['a', 'n', 'r', 'l', 't', 's', 'm', 'c', 'u', 'e', 'o', 'i']
21	a_acuses	['a', 'n', 'r', 'l', 't', 's', 'e', 'i', 'm', 'c', 'o', 'u', 'y']
22	a_a_a	['a', 'u', 'e', 'o', 'i', 'y', 'c', 'p', 't']
23	a_add_n	['a', 'n', 'r', 'l', 't', 's', 'm', 'c', 'd', 'u', 'e']
24	a_ade__	['a', 'n', 'r', 'l', 't', 's', 'm', 'c', 'd', 'e', 'u']
25	a_aden_o	['a', 'n', 'i', 'r', 'o', 'e', 'l', 't', 's', 'd', 'u', 'y', 'c']
26	a_ad_a	['a', 'n', 'r', 'l', 't', 's', 'm', 'c', 'd', 'u']
27	a_adite	['a', 'n', 'r', 'l', 't', 's', 'm', 'e', 'i', 'd', 'u', 'o', 'y']
28	aba__	['a', 'u', 'e', 'o', 'i', 'y', 'c', 'p', 'b', 'm']
29	a_a__	['a', 'u', 'e', 'o', 'i', 'y', 'c', 'p', 'g']
30	a_ay	['a', 'u', 'e', 'o', 'i', 'y', 'c', 'p', 'm', 'r']
31	a_a_a_	['a', 'r', 'n', 'l', 't', 'm', 's', 'c', 'd']
32	a_aisan_e	['a', 'n', 'r', 'l', 'm', 't', 'h', 's', 'i', 'u', 'e', 'o', 'y']
33	a_aise_	['a', 'n', 'r', 'l', 't', 's', 'i', 'u', 'e', 'o', 'y', 'c']
34	a_aiser	['a', 'n', 'r', 'l', 't', 's', 'i', 'u', 'e', 'o', 'y', 'c', 'p']
35	a_aisse	['a', 'n', 'r', 'l', 't', 's', 'i', 'u', 'e', 'o', 'y', 'c']
36	a_aisse_	['a', 'n', 'r', 'l', 't', 's', 'i', 'u', 'e', 'o', 'y', 'c']
37	a_a_a	['a', 'u', 'e', 'o', 'i', 'y', 'c', 'p', 's']
38	a_a_as	['a', 'r', 'n', 'l', 't', 'm', 's', 'c', 'd', 'h']
39	a_alation	['a', 'r', 'n', 'l', 't', 'e', 'i', 'u', 'o', 'y', 'c', 'p', 'j', 's']
40	a_aliena_e	['a', 'n', 'i', 'r', 'l', 'e', 'u', 'o', 'y', 'c', 'p', 'm', 'g']
41	a_alienate_	['a', 'n', 'i', 'r', 'l', 'e', 't', 'u', 'o', 'y', 'c', 'p', 'f', 'q']
42	abalienating	['a', 'n', 'i', 'r', 'l', 't', 'e', 'u', 'o', 'y', 'c', 'p', 'w', 'g', 'b']
43	a_alienation	['a', 'n', 'i', 'r', 'l', 't', 'e', 'u', 'o', 'y', 'c', 'p', 'q', 'w', 'd']
44	a_alone	['a', 'n', 'i', 'r', 'o', 'l', 'u', 'e', 'y', 'c', 'p', 'h', 't']
45	a_alone_	['a', 'n', 'i', 'r', 'o', 'l', 'u', 'e', 'y', 'c', 'p', 'g', 'j']
46	a_a_a	['a', 'u', 'e', 'o', 'i', 'y', 'c', 'p', 'v']
47	a_a_p	['a', 'u', 'e', 'o', 'i', 'y', 'c', 'p', 'w', 'r']
48	abampere	['a', 'n', 'r', 'e', 'l', 't', 'd', 's', 'h', 'm', 'i', 'b', 'p']
49	abamperes	['a', 'n', 'r', 'e', 'l', 't', 'd', 's', 'h', 'm', 'i', 'b', 'p']
50	a_am_s	['a', 'n', 'r', 'l', 't', 's', 'm', 'u', 'e', 'o', 'i']
51	aba__	['a', 'u', 'e', 'o', 'i', 'y', 'c', 'p', 'b', 'm']
52	a_andon	['a', 'n', 'e', 'g', 'i', 'd', 'u', 'o', 'y', 'c', 'p', 'j']
53	abandonable	['a', 'n', 'i', 'r', 'o', 't', 'g', 'd', 'l', 'e', 's', 'u', 'b']
54	a_andoned	['a', 'n', 'i', 'o', 't', 'g', 'd', 'u', 'e', 'y', 'c', 'p', 'l']
55	a_andoned_y	['a', 'n', 'i', 'o', 't', 'g', 'd', 'e', 'u', 'y', 'c', 'p', 'q', 'v']
56	a_andonee	['a', 'n', 'i', 'o', 't', 'g', 'd', 'u', 'e', 'y', 'c', 'p', 'r']
57	a_andone_	['a', 'n', 'i', 'o', 't', 'g', 'd', 'u', 'e', 'y', 'c', 'p', 'q']
58	a_andone__	['a', 'n', 'i', 'o', 't', 'g', 'd', 'e', 'u', 'y', 'c', 'p', 'f']
59	a_andoning	['a', 'n', 'e', 'i', 'o', 't', 'g', 'd', 'u', 'y', 'c', 'p', 'z', 'r']
60	abandon_ent	['a', 'n', 'i', 'o', 't', 'g', 'd', 'e', 's', 'c', 'k', 'r', 'b', 'l', 'h']
61	abandon_ents	['a', 'n', 'i', 'o', 't', 'g', 'd', 'e', 's', 'c', 'k', 'r', 'b', 'l', 'h', 'v']
62	a_andon_	['a', 'n', 'i', 'o', 't', 'g', 'd', 'u', 'e', 'y', 'c', 'p']
63	a_andu_	['a', 'n', 'e', 'g', 'i', 'd', 'u', 'o', 'y', 'c', 'p', 'w']
64	abane_	['a', 'n', 'u', 'e', 'o', 'i', 'y', 'c', 'p', 'h', 'b', 'j']
65	a_an_a	['a', 'n', 'u', 'e', 'o', 'i', 'y', 'c', 'p', 's']
66	a_anic	['a', 'n', 'u', 'e', 'o', 'i', 'y', 'c', 'p', 'l', 't', 'f']
67	abannition	['a', 'n', 'e', 'g', 'i', 'l', 't', 'u', 'o', 'y', 'c', 'p', 'b']
68	a_ante_	['a', 'n', 'e', 't', 'u', 'o', 'i', 'y', 'c', 'p', 'w', 'f']
69	a_a_ical	['a', 'n', 'r', 'l', 'm', 't', 'h', 's', 'c', 'i', 'd', 'k']
70	a_aptiston	['a', 'n', 'r', 'l', 't', 's', 'e', 'i', 'c', 'u', 'h', 'p', 'o', 'y', 'm']
71	a_aptistu_	['a', 'n', 'r', 'l', 't', 's', 'e', 'i', 'c', 'u', 'h', 'p', 'o', 'y']
72	a_aram_o	['a', 'r', 'n', 'l', 't', 's', 'm', 'u', 'e', 'o', 'i', 'y']
73	a_ari_	['a', 'n', 'r', 'u', 'e', 'o', 'i', 'y', 'c', 'p', 'd']
74	a_arthrosis	['a', 'n', 'r', 'e', 'i', 'l', 'o', 't', 's', 'u', 'h', 'y', 'c', 'p', 'x']
75	a_articular	['a', 'n', 'r', 'e', 'm', 'l', 'i', 't', 's', 'c', 'o', 'h', 'u', 'y', 'p']
76	a_articulation	['a', 'n', 'r', 'e', 'l', 'i', 't', 's', 'c', 'o', 'h', 'u', 'y', 'p', 'v', 'w', 'x']
77	a_a_	['a', 'u', 'e', 'o', 'i', 'y', 'c', 'p', 'h']
78	a_a_e	['a', 'u', 'e', 'o', 'i', 'y', 'c', 'p', 'f', 'm']
79	a_ase_	['a', 'n', 'r', 'l', 't', 's', 'u', 'e', 'o', 'i', 'y']
80	a_asedl_	['a', 'n', 'r', 'l', 't', 'e', 's', 'i', 'o', 'c', 'p', 'd', 'u']
81	a_asedness	['a', 'n', 'i', 'r', 'o', 'e', 'l', 't', 's', 'u', 'y', 'd', 'c']
82	a_asement	['a', 'n', 'i', 'r', 'o', 'e', 'l', 't', 's', 'd', 'm', 'u', 'y', 'c']
83	a_asements	['a', 'n', 'i', 'r', 'o', 'e', 'l', 't', 's', 'd', 'm', 'u', 'y', 'c']
84	a_aser	['a', 'n', 'r', 'l', 't', 's', 'u', 'e', 'o', 'i', 'y', 'c']
85	a_asers	['a', 'n', 'r', 'e', 'l', 't', 's', 'u', 'o', 'i', 'y', 'c']
86	a_ases	['a', 'n', 'r', 'l', 't', 's', 'u', 'e', 'o', 'i', 'y']
87	a_as_i	['a', 'n', 'r', 'l', 't', 's', 'u', 'e', 'o', 'i', 'y']
88	a_as_	['a', 'u', 'e', 'o', 'i', 'y', 'c', 'p', 's', 'm']
89	a_ashe_	['a', 'n', 'r', 'l', 't', 's', 'e', 'h', 'u', 'o', 'i', 'y']
90	a_ashedl_	['a', 'n', 'r', 'l', 't', 'e', 'i', 's', 'h', 'o', 'c', 'p', 'd', 'u']
91	a_ashedness	['a', 'n', 'i', 'r', 'o', 'e', 's', 't', 'h', 'u', 'y', 'd', 'c', 'p']
92	a_ashes	['a', 'n', 'r', 'l', 't', 's', 'e', 'h', 'u', 'o', 'i', 'y']
93	a_ashin_	['a', 'n', 'i', 'r', 'l', 't', 's', 'h', 'u', 'e', 'o', 'y', 'c']
94	a_ashless	['a', 'n', 'r', 'l', 'e', 't', 's', 'i', 'o', 'u', 'h', 'y', 'c']
95	a_ashlessly	['a', 'n', 'r', 'l', 'e', 's', 'i', 'o', 'u', 't', 'h', 'y', 'c', 'p']
96	a_ashment	['a', 'n', 'i', 'r', 'o', 'e', 'l', 't', 'd', 's', 'h', 'm', 'u', 'y', 'c']
97	a_ashments	['a', 'n', 'i', 'r', 'o', 'e', 'l', 't', 'd', 's', 'h', 'm', 'u', 'y', 'c']
98	a_asia	['a', 'n', 'r', 'l', 't', 's', 'u', 'e', 'o', 'i', 'y']
99	a_asias	['a', 'n', 'r', 'l', 'm', 't', 'h', 's', 'i', 'u', 'e']
100	a_asi_	['a', 'n', 'r', 'l', 't', 's', 'u', 'e', 'o', 'i', 'y']
101	a_asin_	['a', 'n', 'i', 'r', 'l', 't', 's', 'u', 'e', 'o', 'y', 'c']
102	a_asio	['a', 'n', 'r', 'l', 't', 's', 'u', 'e', 'o', 'i', 'y', 'c']
103	a_a__	['a', 'u', 'e', 'o', 'i', 'y', 'c', 'p', 'g']
104	a_assi	['a', 'n', 'r', 'l', 't', 's', 'u', 'e', 'o', 'i', 'y']
105	a_assin	['a', 'n', 'r', 'l', 't', 's', 'u', 'e', 'o', 'i', 'y', 'c']
106	a_astar_	['a', 'n', 'r', 'l', 'm', 't', 's', 'u', 'e', 'o', 'i', 'y']
107	a_astardi_e	['a', 'n', 'r', 'e', 'l', 'm', 'i', 't', 's', 'd', 'u', 'o', 'y', 'c', 'p']
108	a_astral	['a', 'n', 'r', 'e', 'l', 't', 's', 'u', 'o', 'i', 'y', 'c', 'p']
109	abatable	['a', 'r', 'n', 'l', 't', 'i', 'e', 's', 'u', 'b']
110	a_ata_e	['a', 'r', 'n', 'l', 't', 'u', 'e', 'o', 'i', 'y', 'c']
111	a_ate	['a', 'u', 'e', 'o', 'i', 'y', 'c', 'p', 't', 'l', 'v']
112	a_ate_	['a', 'n', 'r', 'l', 't', 'u', 'e', 'o', 'i', 'y', 'c']
113	a_atement	['a', 'n', 'i', 'r', 'o', 'e', 'l', 't', 's', 'd', 'm', 'u', 'y']
114	a_atements	['a', 'n', 'i', 'r', 'o', 'e', 'l', 't', 's', 'd', 'm', 'u', 'y', 'c']
115	a_ater	['a', 'n', 'r', 'l', 't', 'u', 'e', 'o', 'i', 'y', 'c', 'p']
116	a_ater_	['a', 'n', 'r', 'e', 'l', 't', 'u', 'o', 'i', 'y', 'c', 'p']
117	a_ate_	['a', 'n', 'r', 'l', 't', 'u', 'e', 'o', 'i', 'y', 'c']
118	a_atic	['a', 'n', 'r', 'l', 't', 'u', 'e', 'o', 'i', 'y', 'c', 'p']
119	a_atin_	['a', 'n', 'i', 'r', 'l', 't', 'u', 'e', 'o', 'y', 'c', 'p']
120	a_ati_	['a', 'n', 'r', 'l', 't', 'u', 'e', 'o', 'i', 'y', 'c']
121	a_atise_	['a', 'n', 'r', 'l', 't', 'e', 'i', 's', 'u', 'o', 'y', 'c', 'p']
122	a_atises	['a', 'n', 'r', 'l', 't', 'e', 'i', 's', 'u', 'o', 'y', 'c', 'p']
123	a_at_o_r	['a', 'n', 'r', 'l', 't', 'e', 'i', 'o', 'h', 's', 'c', 'm']
124	a_at_ours	['a', 'n', 'r', 'e', 'l', 't', 'o', 'i', 'u', 'h', 's', 'c', 'm', 'y']
125	a_aton	['a', 'n', 'r', 'l', 't', 'u', 'e', 'o', 'i', 'y', 'c', 'p']
126	a_ator	['a', 'n', 'r', 'l', 't', 'u', 'e', 'o', 'i', 'y', 'c', 'p']
127	a_ator_	['a', 'n', 'r', 'e', 'l', 't', 'o', 'u', 'i', 'y', 'c', 'p']
128	a_atta_e	['a', 'n', 'r', 'l', 'm', 't', 'u', 'e', 'o', 'i', 'y']
129	a_atti_	['a', 'n', 'r', 'l', 't', 'u', 'e', 'o', 'i', 'y', 'c']
130	a_attise_	['a', 'n', 'r', 'l', 't', 'e', 'i', 's', 'u', 'o', 'y', 'c', 'p']
131	a_attises	['a', 'n', 'r', 'l', 't', 'e', 'i', 's', 'u', 'o', 'y', 'c', 'p']
132	a_attoir	['a', 'n', 'r', 'l', 't', 'e', 'i', 'h', 's', 'o', 'u', 'y', 'c']
133	a_atto_r_	['a', 'n', 'r', 'e', 'l', 't', 'o', 'u', 'p', 'c', 'd', 'g']
134	a_attu	['a', 'n', 'r', 'l', 't', 'u', 'e', 'o', 'i', 'y', 'c']
135	a_attue	['a', 'n', 'r', 'l', 't', 'u', 'e', 'o', 'i', 'y', 'c', 'p']
136	a_atua	['a', 'n', 'r', 'l', 't', 'u', 'e', 'o', 'i', 'y', 'c']
137	a_ature	['a', 'n', 'r', 'e', 'l', 't', 'o', 'i', 'u', 'y', 'c', 'p', 'x']
138	abaue	['a', 'u', 'e', 'o', 'i', 'y', 'c', 'p', 'r', 'd', 'b']
139	a_a_e	['a', 'u', 'e', 'o', 'i', 'y', 'c', 'p', 'x', 'm']
140	a_a_ial	['a', 'n', 'r', 'l', 'm', 't', 'h', 's', 'c', 'i', 'd']
141	a_a_ile	['a', 'n', 'r', 'l', 't', 'e', 's', 'i', 'm', 'd', 'k', 'h']
142	a_a_e	['a', 'u', 'e', 'o', 'i', 'y', 'c', 'p', 's', 'n']
143	a__	['a', 'u', 'e', 'o', 'i', 'y', 'c', 'p', 'w']
144	a__a	['a', 'u', 'e', 'o', 'i', 'y', 'c', 'p', 'q']
145	a__ac_	['a', 'r', 'm', 'l', 'h', 't', 'n', 'c', 'i', 's']
146	abbaci_s	['a', 'n', 'r', 'l', 'm', 't', 'h', 's', 'c', 'o', 'i', 'b', 'u']
147	abbacomes	['a', 'n', 'r', 'l', 'm', 't', 'h', 's', 'c', 'o', 'i', 'b', 'u', 'e']
148	a__a____	['a', 'n', 'r', 'l', 'm', 't', 'h', 's', 'c']
149	a__a__	['a', 'r', 'm', 'l', 'h', 't', 'n', 'c', 'i']
150	a__andono	['a', 'n', 'i', 'o', 't', 'g', 'd', 'r', 'm', 'l', 'h', 'c']
151	a__a_	['a', 'r', 'm', 'l', 'h', 't', 'n', 'c', 'i']
152	abbasi	['a', 'r', 'm', 'l', 'h', 't', 'n', 'c', 'i', 's', 'b']
153	abbasi_	['a', 'n', 'r', 'l', 'm', 't', 'h', 's', 'c', 'i', 'b', 'u']
154	abbassi	['a', 'n', 'r', 'l', 'm', 't', 'h', 's', 'c', 'i', 'b']
155	abbassi_e	['a', 'n', 'r', 'l', 'm', 't', 'h', 's', 'e', 'c', 'i', 'b', 'u']
156	a__at_	['a', 'r', 'm', 'l', 'h', 't', 'n', 'c', 'i', 's']
157	abbatial	['a', 'n', 'r', 'l', 'm', 't', 'i', 'h', 'c', 's', 'b']
158	abbatical	['a', 'n', 'r', 'l', 'm', 't', 'e', 'h', 'i', 's', 'c', 'b']
159	abbati_	['a', 'n', 'r', 'l', 'm', 't', 'h', 'c', 'i', 's', 'b', 'u']
160	a__e	['a', 'u', 'e', 'o', 'i', 'y', 'c', 'p', 'x', 'm']
161	a__e_	['a', 'u', 'e', 'r', 'l', 't', 'n', 'd', 'h', 's']
162	a__e_s	['a', 'u', 'e', 'r', 'l', 't', 'n', 'd', 'h', 's', 'm']
163	a__e_stead	['a', 'r', 'm', 'l', 'h', 't', 'i', 'e', 'n', 's', 'd', 'o', 'u']
164	a__eystede	['a', 'u', 'e', 'r', 'n', 'l', 's', 't', 'i', 'd', 'o', 'm', 'y', 'h']
165	a__es	['a', 'u', 'e', 'r', 'l', 't', 'n', 'd', 'h', 's', 'm']
166	a__ess	['a', 'u', 'e', 'r', 'l', 't', 'n', 'd', 'h', 's', 'm']
167	a__esses	['a', 'u', 'e', 'r', 'n', 'l', 's', 't', 'd', 'h', 'm']
168	a__est	['a', 'u', 'e', 'r', 'l', 't', 'n', 'd', 'h', 's', 'm', 'i']
169	a___villian	['a', 'r', 'm', 'l', 'i', 't', 'n', 'h', 'd', 's', 'k', 'v', 'o']
170	a__y	['a', 'u', 'e', 'o', 'i', 'y', 'c', 'p', 'v', 'f']
171	a__ie	['a', 'u', 'e', 'o', 'i', 'r', 'l', 't', 'n', 'h', 'd']
172	a___ccat_	['a', 'r', 'm', 'l', 'h', 't', 'n', 'c', 'i', 's', 'e']
173	a____a_a	['a', 'r', 'm', 'l', 'h', 't', 'n', 'c', 'i']
174	a__ot	['a', 'u', 'e', 'o', 'r', 't', 'c', 'l', 'n', 'i', 'h']
175	a__otc_	['a', 'u', 'e', 'o', 'n', 'r', 't', 'c', 'l', 'i', 'h', 'm']
176	abbotcies	['a', 'u', 'e', 'r', 'l', 't', 'n', 's', 'i', 'h', 'o', 'm', 'c', 'b']
177	a__otnullius	['a', 'u', 'r', 'n', 'i', 'o', 'e', 's', 'g', 'w', 'l', 'm', 'y', 'd', 't', 'c']
178	abbotric	['a', 'u', 'e', 'o', 'n', 'r', 't', 'c', 'l', 'i', 'h', 'm', 'b']
179	a__ot_	['a', 'u', 'e', 'o', 'r', 't', 'c', 'l', 'n', 'i', 'h']
180	abbotshi_	['a', 'u', 'e', 'o', 'n', 'r', 't', 'i', 'l', 'c', 'h', 's', 'm', 'b', 'y']
181	abbotshi_s	['a', 'u', 'e', 'o', 'n', 'r', 't', 'i', 'l', 'c', 'h', 's', 'm', 'b', 'y']
182	a__ott	['a', 'u', 'e', 'o', 'r', 't', 'c', 'l', 'n', 'i', 'h']
183	a__o__o	['a', 'u', 'e', 'o', 'n', 'r', 't', 'c', 'l', 'i']
184	a___	['a', 'u', 'e', 'o', 'i', 'y', 'c', 'p', 'j']
185	abbre_	['a', 'u', 'e', 'r', 'o', 't', 'i', 'b', 'y', 'c', 'p', 's']
186	abbreviatable	['a', 'r', 'n', 'l', 't', 'i', 'e', 's', 'd', 'm', 'c', 'u', 'h', 'v', 'b']
187	a__re__ate	['a', 'r', 'e', 'n', 'm', 'l', 's', 'o', 'h', 't', 'd', 'c']
188	a__re__ated	['a', 'n', 'r', 'e', 'l', 't', 'm', 's', 'o', 'h', 'd', 'c', 'u']
189	a__re__atel_	['a', 'n', 'r', 'e', 'l', 't', 'm', 's', 'o', 'h', 'd', 'c', 'u']
190	a__re__ates	['a', 'n', 'r', 'e', 'l', 't', 'm', 's', 'o', 'h', 'd', 'c', 'u']
191	a__reviatin_	['a', 'n', 'i', 'r', 'l', 't', 'e', 's', 'd', 'm', 'c', 'h', 'v', 'o', 'u']
192	abbreviation	['a', 'n', 'r', 'e', 'l', 'm', 's', 't', 'o', 'i', 'd', 'c', 'h', 'v', 'u', 'b']
193	abbreviations	['a', 'n', 'i', 'r', 'l', 't', 'e', 'o', 's', 'd', 'm', 'c', 'h', 'v', 'u', 'b']
194	a__re__ator	['a', 'n', 'r', 'e', 'l', 'm', 's', 't', 'o', 'h', 'd', 'c', 'u']
195	a__re__ator_	['a', 'n', 'r', 'e', 'l', 'm', 's', 't', 'o', 'h', 'd', 'c', 'u']
196	abbreviators	['a', 'n', 'r', 'e', 'l', 'm', 's', 't', 'o', 'h', 'd', 'c', 'u', 'i', 'v', 'b']
197	a__re_iature	['a', 'n', 'r', 'e', 'l', 'm', 's', 't', 'o', 'i', 'd', 'u', 'c', 'h']
198	abbroachment	['a', 'n', 'i', 'r', 'e', 't', 's', 'm', 'l', 'd', 'o', 'u', 'c', 'h', 'b']
199	abc	['a', 'u', 'e', 'o', 'i', 'y', 'c', 'p', 'k', 'b']
200	a__ess	['a', 'u', 'e', 'r', 'l', 't', 'n', 'd', 'h', 's', 'm']
201	a__issa	['a', 'u', 'e', 'o', 'i', 'n', 'r', 'l', 't', 's', 'h']
202	a_coulo__	['a', 'u', 'r', 'n', 'o', 'l', 't', 'c', 'e', 'i', 'y', 'p', 'x']
203	a__	['a', 'u', 'e', 'o', 'i', 'y', 'c', 'p', 'f']
204	a__al	['a', 'r', 'm', 'l', 'h', 't', 'n', 'c', 'i', 's']
205	ab_ali	['a', 'r', 'm', 'l', 'h', 't', 'n', 'c', 'i', 's', 'b', 'e']
206	ab_aria	['a', 'n', 'r', 'm', 'l', 'h', 't', 'c', 'i', 's', 'b', 'e']
207	a__at	['a', 'r', 'm', 'l', 'h', 't', 'n', 'c', 'i', 's']
208	a_derian	['a', 'r', 'i', 'e', 'l', 't', 'n', 'd', 'u', 'o', 'y', 'c', 'p', 'j']
209	a_derite	['a', 'u', 'e', 'r', 'l', 'i', 't', 'n', 'd', 'o', 'y', 'c', 'p', 's']
210	a_de_t	['a', 'u', 'e', 'r', 'l', 't', 'n', 'd', 'o', 'i', 'y', 'c']
211	ab_icable	['a', 'n', 'r', 'l', 'i', 't', 's', 'm', 'c', 'e', 'u', 'b', 'o', 'h']
212	a_dicant	['a', 'r', 'm', 'l', 'h', 't', 'n', 'c', 'i', 'd', 'u', 'e', 'o', 'y']
213	a_dicate	['a', 'r', 'm', 'l', 'h', 't', 'n', 'c', 'i', 'd', 'u', 'e', 'o', 'y']
214	a_dicated	['a', 'n', 'r', 'l', 'm', 't', 'h', 'c', 'i', 'd', 'u', 'e', 'o', 'y']
215	a_dicate_	['a', 'n', 'r', 'l', 'm', 't', 'h', 'c', 'i', 'd', 'u', 'e', 'o', 'y']
216	a_dicatin_	['a', 'n', 'i', 'r', 'l', 't', 's', 'm', 'c', 'h', 'd', 'u', 'e', 'o']
217	a_dication	['a', 'n', 'r', 'l', 'm', 't', 'e', 'h', 'i', 's', 'c', 'd', 'u', 'o', 'y']
218	a_dications	['a', 'n', 'i', 'r', 'l', 't', 'e', 'o', 's', 'm', 'c', 'h', 'd', 'u', 'y', 'p']
219	a_dicati_e	['a', 'n', 'r', 'l', 'm', 't', 'e', 'h', 'i', 's', 'c', 'd', 'u', 'o']
220	a_dicator	['a', 'n', 'r', 'l', 'm', 't', 'h', 'c', 'i', 'd', 'u', 'e', 'o', 'y', 'p']
221	a_diel	['a', 'u', 'e', 'r', 'l', 't', 'n', 'd', 'i', 'o', 'y', 'c', 'p']
222	a_diti_e	['a', 'u', 'e', 'o', 'i', 'n', 'l', 't', 'r', 'h', 'd', 'y', 'c']
223	a_ditory	['a', 'u', 'e', 'o', 'r', 't', 's', 'i', 'l', 'n', 'h', 'd', 'y', 'c', 'p']
224	a__o_	['a', 'u', 'e', 'o', 'r', 't', 'c', 'l', 'n', 'i']
225	a_domen	['a', 'u', 'e', 'r', 'l', 't', 'n', 'd', 'h', 's', 'm', 'i', 'o', 'y']
226	a_domens	['a', 'u', 'e', 'r', 'l', 't', 'n', 'd', 'h', 's', 'm', 'i', 'o', 'y', 'c']
227	a__omina	['a', 'u', 'e', 'o', 'n', 'i', 'r', 'l', 't', 's', 'm', 'c', 'h']
228	abdominal	['a', 'r', 'm', 'l', 'h', 't', 'n', 'i', 'e', 'o', 'c', 'b', 's', 'd']
229	a_dominales	['a', 'n', 'i', 'r', 'l', 't', 'h', 'd', 'e', 's', 'm', 'o', 'u', 'y', 'c', 'p', 'q']
230	a_dominalia	['a', 'n', 'i', 'r', 'l', 't', 'h', 'd', 'e', 's', 'm', 'o', 'u', 'y', 'c']
231	a_dominalian	['a', 'n', 'i', 'r', 'l', 't', 'h', 'd', 'e', 's', 'm', 'o', 'u', 'y', 'c']
232	a_dominally	['a', 'n', 'i', 'r', 'l', 't', 'h', 'd', 'e', 's', 'm', 'o', 'u', 'y', 'c', 'p']
233	abdominals	['a', 'r', 'm', 'l', 'h', 't', 'n', 'i', 'e', 'o', 'c', 'b', 's', 'd']
234	a_dominoanterior	['a', 'n', 't', 'g', 'e', 'i', 'r', 'd', 's', 'c', 'k', 'o', 'l', 'm', 'u', 'y', 'p']
235	a_dominocardiac	['a', 'n', 'i', 'r', 'e', 't', 's', 'd', 'm', 'o', 'l', 'c', 'u', 'y', 'p', 'g']
236	a_dominocentesis	['a', 'u', 'e', 'r', 'n', 't', 'i', 'l', 's', 'g', 'd', 'h', 'm', 'o', 'v', 'c', 'y', 'p']
237	abdominocystic	['a', 'u', 'e', 'o', 'n', 'i', 'r', 'l', 't', 's', 'm', 'c', 'h', 'k', 'y', 'b', 'd']
238	abdominogenital	['a', 'r', 'm', 'l', 'h', 't', 's', 'e', 'n', 'i', 'g', 'o', 'c', 'b', 'd']
239	a_domino__sterectom_	['a', 'u', 'e', 'r', 'n', 'i', 'l', 's', 't', 'c', 'g', 'd', 'o', 'm', 'w', 'v', 'p', 'k', 'f']
240	abdominohysterotomy	['a', 'u', 'e', 'r', 'l', 'i', 'n', 't', 's', 'o', 'm', 'c', 'h', 'y', 'b', 'd']
241	a_dominoposterior	['a', 'u', 'e', 'r', 'l', 'i', 'n', 't', 's', 'g', 'd', 'h', 'm', 'o', 'c', 'p', 'y', 'w', 'x']
242	abdominoscope	['a', 'u', 'e', 'o', 'n', 'i', 'r', 'l', 't', 's', 'h', 'c', 'm', 'b', 'd', 'y', 'p']
243	abdominoscopy	['a', 'u', 'e', 'o', 'n', 'i', 'r', 'l', 't', 's', 'h', 'c', 'm', 'b', 'd', 'y', 'p']
244	a_dominothoracic	['a', 'n', 'i', 'r', 'l', 't', 'e', 's', 'm', 'd', 'k', 'o', 'h', 'c', 'u', 'y', 'p', 'w']
245	abdominous	['a', 'u', 'o', 'n', 'i', 'r', 'l', 't', 's', 'm', 'c', 'h', 'b', 'e', 'd']
246	a_domino_a_inal	['a', 'n', 'i', 'r', 'l', 't', 's', 'm', 'd', 'e', 'k', 'h', 'c', 'o', 'w']
247	a_dominovesical	['a', 'r', 'm', 'l', 'h', 't', 'n', 'i', 's', 'c', 'e', 'g', 'd', 'o', 'v', 'u', 'y', 'p', 'z']
248	ab_u_e	['a', 'u', 'o', 'r', 'h', 's', 'l', 't', 'm', 'b', 'e', 'i']
249	a__u___	['a', 'u', 'r', 'n', 'o', 's', 'l', 't', 'm', 'h']
250	abducens	['a', 'u', 'r', 'n', 'i', 'o', 'e', 'l', 't', 's', 'm', 'd', 'g', 'b', 'c']
251	abducent	['a', 'u', 'r', 'n', 'i', 'o', 'e', 'l', 't', 's', 'm', 'd', 'g', 'b', 'c']
252	abducentes	['a', 'u', 'r', 'n', 'i', 'o', 'e', 't', 'l', 's', 'm', 'd', 'g', 'b', 'c']
253	abdu_es	['a', 'u', 'r', 'n', 'o', 's', 'l', 't', 'm', 'h', 'b', 'e', 'd', 'i']
254	a_ducin_	['a', 'u', 'r', 'n', 'i', 'l', 't', 's', 'm', 'd', 'k', 'e', 'c', 'o']
255	ab_u_t	['a', 'u', 'o', 'r', 'h', 's', 'l', 't', 'm', 'b', 'e', 'i']
256	a__ucte_	['a', 'u', 'r', 'n', 'o', 's', 'l', 't', 'e', 'i', 'c', 'h', 'm']
257	abductin_	['a', 'u', 'r', 'n', 'i', 'l', 't', 's', 'e', 'c', 'o', 'h', 'm', 'b', 'd', 'y']
258	abduction	['a', 'u', 'r', 'n', 'o', 't', 's', 'i', 'e', 'l', 'c', 'h', 'm', 'b', 'd']
259	abductions	['a', 'u', 'r', 'n', 'i', 'e', 'o', 'l', 't', 's', 'c', 'h', 'm', 'b', 'd']
260	abductor	['a', 'u', 'r', 'n', 'o', 't', 's', 'e', 'i', 'l', 'c', 'h', 'm', 'b', 'd']
261	abductores	['a', 'u', 'r', 'e', 'o', 't', 's', 'n', 'i', 'l', 'c', 'h', 'm', 'b', 'd']
262	abductors	['a', 'u', 'r', 'e', 'o', 't', 's', 'n', 'i', 'l', 'c', 'h', 'm', 'b', 'd']
263	a__ucts	['a', 'u', 'r', 'n', 'o', 's', 'l', 't', 'e', 'i', 'c', 'h', 'm']
264	a_e	['a', 'u', 'e', 'o', 'i', 'y', 'c', 'p', 'f', 'z']
265	a__am	['a', 'r', 'm', 'l', 'h', 't', 'n', 'c', 'i', 's']
266	a__ar	['a', 'r', 'm', 'l', 'h', 't', 'n', 'c', 'i', 's']
267	abearance	['a', 'r', 'n', 'm', 'l', 'h', 't', 'c', 'i', 's', 'b', 'e']
268	a_ecedaire	['a', 'n', 'r', 't', 'e', 'l', 's', 'd', 'm', 'i', 'c', 'u', 'o', 'y']
269	a__c__ar_	['a', 'r', 'm', 'l', 'h', 't', 'n', 'c', 'i', 'o', 's']
270	abecedaria	['a', 'n', 'r', 'm', 'l', 'h', 't', 'c', 'i', 'o', 's', 'b', 'e', 'd']
271	abecedarian	['a', 'n', 'r', 'i', 'm', 'l', 'h', 't', 'c', 'o', 's', 'b', 'e', 'd']
272	abecedarians	['a', 'n', 'r', 'i', 'm', 'l', 'h', 't', 'c', 'o', 's', 'b', 'e', 'd']
273	a_ecedaries	['a', 'n', 'r', 'e', 'l', 's', 't', 'i', 'd', 'm', 'c', 'u', 'o', 'y', 'p']
274	a_ecedarium	['a', 'n', 'r', 'e', 'l', 's', 't', 'd', 'm', 'i', 'c', 'u', 'o', 'y', 'p', 'q']
275	a_ecedarius	['a', 'n', 'r', 'e', 'l', 's', 't', 'd', 'm', 'i', 'c', 'u', 'o', 'y', 'p', 'z']
276	a_e_	['a', 'u', 'e', 'o', 'i', 'y', 'c', 'p', 'h', 'x']
277	a_e_e	['a', 'u', 'e', 'o', 'i', 'y', 'c', 'p', 'm', 'g']
278	a_ed_e	['a', 'u', 'e', 'r', 'n', 's', 'l', 'd', 'o', 'i', 'y']
279	a_e__e	['a', 'u', 'e', 'r', 'n', 's', 'l', 'd', 't', 'm']
280	a_ey	['a', 'u', 'e', 'o', 'i', 'y', 'c', 'p', 'f', 'n', 'g']
281	ab__anc_	['a', 'n', 'r', 'm', 'l', 'h', 't', 'c', 'i', 's', 'b', 'k']
282	a_e_ances	['a', 'n', 'r', 'm', 'l', 'e', 't', 's', 'd', 'g', 'i', 'c', 'h']
283	ab__anc_	['a', 'n', 'r', 'm', 'l', 'h', 't', 'c', 'i', 's', 'b', 'k']
284	abe_ancies	['a', 'n', 'r', 'm', 'l', 'e', 's', 't', 'd', 'c', 'h', 'i', 'p', 'b', 'g']
285	ab__ant	['a', 'r', 'm', 'l', 'h', 't', 'n', 'c', 'i', 's', 'b', 'k']
286	a_e___	['a', 'u', 'e', 'r', 'n', 's', 'l', 'd', 't', 'm']
287	a_e_	['a', 'u', 'e', 'o', 'i', 'y', 'c', 'p', 'z', 'g']
288	a_e_e	['a', 'u', 'e', 'o', 'i', 'y', 'c', 'p', 'm', 'f']
289	a_ele_	['a', 'u', 'e', 'r', 'n', 'l', 'o', 'i', 'y', 'c', 'p']
290	a_elia	['a', 'u', 'e', 'r', 'n', 's', 'l', 'o', 'i', 'y', 'c', 'p']
291	a_elia_	['a', 'r', 'm', 'l', 'i', 'e', 'u', 'o', 'y', 'c', 'p', 'h']
292	a_elicea	['a', 'u', 'e', 'r', 'n', 'l', 't', 'i', 's', 'd', 'c', 'o', 'y']
293	a_eli_e	['a', 'u', 'e', 'r', 'n', 's', 'l', 'i', 'o', 'y', 'c', 'p']
294	a_elmoschus	['a', 'u', 'o', 'n', 'r', 't', 'c', 'h', 's', 'l', 'i', 'e', 'd', 'm', 'y', 'p', 'x']
295	a_elmos_	['a', 'u', 'e', 'r', 'n', 's', 'l', 'i', 'o', 't', 'd', 'c', 'm', 'y']
296	a_elmos_s	['a', 'u', 'e', 'r', 'n', 's', 'l', 'i', 'o', 't', 'd', 'c', 'm', 'y']
297	a_elmus_	['a', 'u', 'o', 'r', 'h', 's', 'l', 'e', 'i', 't', 'd', 'm', 'y', 'c']
298	a_elonian	['a', 'r', 'm', 'l', 'e', 'i', 't', 'n', 'o', 'u', 'y', 'c', 'p', 'f']
299	a_eltree	['a', 'u', 'e', 'r', 'n', 's', 'l', 'o', 'i', 't', 'y', 'c', 'p']
300	a_encerrages	['a', 'n', 'i', 'r', 'e', 'l', 't', 'd', 's', 'g', 'c', 'u', 'o', 'y', 'p']
301	a_e_d	['a', 'u', 'e', 'o', 'i', 'y', 'c', 'p', 'z', 'd', 'q']
302	a_en__	['a', 'u', 'e', 'r', 'n', 'o', 'i', 'y', 'c', 'p', 'j']
303	a_enteric	['a', 'u', 'e', 'r', 'n', 't', 'o', 'i', 'y', 'c', 'p', 'm', 'g', 'v', 'z']
304	a_e_ith_mia	['a', 'u', 'e', 'r', 'n', 's', 'l', 'd', 't', 'i', 'm', 'c', 'h', 'o']
305	a_erdavine	['a', 'n', 'i', 'r', 'l', 't', 'e', 's', 'm', 'd', 'k', 'h', 'c', 'v', 'u']
306	a_erdee_	['a', 'u', 'e', 'r', 'i', 't', 's', 'd', 'o', 'y', 'c', 'p']
307	a_erdevine	['a', 'u', 'e', 'r', 'i', 'l', 'n', 's', 't', 'd', 'm', 'c', 'h', 'v', 'o']
308	a_erdonian	['a', 'r', 'e', 'm', 'l', 'i', 'o', 'n', 't', 's', 'c', 'd', 'u', 'y', 'p']
309	aberdu_ine	['a', 'u', 'r', 'o', 's', 'e', 't', 'i', 'n', 'l', 'm', 'd', 'k', 'c', 'b', 'p']
310	a_eria	['a', 'u', 'e', 'r', 'o', 'i', 'y', 'c', 'p', 'd', 'q', 'v']
311	a_ernet_y	['a', 'u', 'e', 'r', 'i', 't', 's', 'd', 'n', 'o', 'y', 'c', 'p', 'w']
312	abe__	['a', 'u', 'e', 'o', 'i', 'y', 'c', 'p', 'b', 's', 'k']
313	a_errance	['a', 'n', 'r', 'e', 'u', 'o', 'i', 'y', 'c', 'p', 'x', 'w', 'f']
314	a_errancy	['a', 'n', 'r', 'e', 'u', 'o', 'i', 'y', 'c', 'p', 'q', 'w', 'h', 'j']
315	a_errancies	['a', 'n', 'r', 'e', 'l', 't', 'g', 'd', 'i', 's', 'k', 'c', 'u', 'o', 'y']
316	a_erra__	['a', 'r', 'e', 'u', 'o', 'i', 'y', 'c', 'p', 'v', 'q']
317	a_errant_y	['a', 'n', 'r', 'e', 'g', 'i', 'd', 't', 'u', 'o', 'y', 'c', 'p', 'x']
318	a_erran_s	['a', 'n', 'r', 'e', 'u', 'o', 'i', 'y', 'c', 'p', 'g', 's', 'f']
319	a_erra_e	['a', 'r', 'e', 'u', 'o', 'i', 'y', 'c', 'p', 'n', 'm']
320	a_errate_	['a', 'n', 'r', 'e', 'l', 't', 'u', 'o', 'i', 'y', 'c', 'p']
321	a_erratin_	['a', 'n', 'i', 'r', 'l', 't', 'e', 'u', 'o', 'y', 'c', 'p', 'w', 'm']
322	aberration	['a', 'n', 'r', 'e', 'l', 't', 'i', 'u', 'o', 'y', 'c', 'p', 'g', 'b']
323	a_errational	['a', 'n', 'i', 'r', 'l', 't', 'e', 'o', 'u', 'y', 'c', 'p', 's', 'q', 'm', 'w']
324	a_erration_	['a', 'n', 'i', 'r', 'l', 't', 'e', 'o', 'u', 'y', 'c', 'p', 'q', 'd', 'g']
325	a_errati_e	['a', 'n', 'r', 'e', 'l', 't', 'i', 'u', 'o', 'y', 'c', 'p', 'd']
326	a_errator	['a', 'n', 'r', 'e', 'l', 't', 'u', 'o', 'i', 'y', 'c', 'p', 'v']
327	a_errometer	['a', 'u', 'e', 'r', 'n', 'l', 's', 't', 'i', 'o', 'm', 'y', 'c', 'p']
328	a_erroscope	['a', 'u', 'e', 'r', 'i', 'o', 'n', 't', 'c', 's', 'y', 'p', 'm', 'd', 'k']
329	a_er_n_ate	['a', 'r', 'e', 'm', 'l', 'i', 'h', 'o', 't', 'n', 'g', 'd', 's']
330	a_eruncator	['a', 'n', 't', 'g', 'e', 'i', 'd', 's', 'c', 'r', 'o', 'u', 'y', 'p', 'q', 'w']
331	a_esse	['a', 'u', 'e', 'r', 'n', 's', 'o', 'i', 'y', 'c', 'p']
332	a_essi_e	['a', 'u', 'e', 'r', 'n', 's', 't', 'h', 'i', 'o', 'y', 'c']
333	a_e_	['a', 'u', 'e', 'o', 'i', 'y', 'c', 'p', 'l', 'r']
334	a_etment	['a', 'u', 'e', 'r', 'n', 'l', 's', 't', 'i', 'h', 'o', 'm', 'y']
335	a_etments	['a', 'u', 'e', 'r', 'n', 'l', 's', 't', 'i', 'h', 'o', 'm', 'y', 'c']
336	a_e__	['a', 'u', 'e', 'o', 'i', 'y', 'c', 'p', 'q', 'm']
337	a_ettal	['a', 'r', 'm', 'l', 'h', 't', 's', 'e', 'u', 'o', 'i', 'y']
338	a_ettals	['a', 'r', 'm', 'l', 'h', 't', 's', 'e', 'u', 'o', 'i', 'y', 'c']
339	a_ette_	['a', 'u', 'e', 'r', 'n', 'l', 's', 't', 'o', 'i', 'y']
340	a_etter	['a', 'u', 'e', 'r', 'n', 'l', 's', 't', 'o', 'i', 'y', 'c']
341	a_etters	['a', 'u', 'e', 'r', 'n', 'l', 's', 't', 'o', 'i', 'y', 'c', 'p']
342	a_ettin_	['a', 'u', 'e', 'r', 'n', 'i', 's', 'l', 't', 'o', 'y', 'c', 'p']
343	a_ettor	['a', 'u', 'e', 'r', 'n', 's', 'l', 'd', 't', 'o', 'i', 'y', 'c']
344	a_ettors	['a', 'u', 'e', 'r', 'n', 's', 'l', 'o', 'd', 't', 'i', 'y', 'c', 'p']
345	a_e_ac_ati_n	['a', 'n', 'r', 'l', 'm', 't', 'e', 's', 'd', 'c', 'h', 'k', 'i', 'p']
346	a__ara_	['a', 'r', 'm', 'l', 'h', 't', 'n', 'c', 'i', 's']
347	ab_ara_s	['a', 'r', 'm', 'l', 'h', 't', 'n', 'c', 'i', 's', 'b', 'e']
348	a_henry	['a', 'u', 'e', 'r', 't', 'd', 'i', 'o', 'c', 'n', 'l', 'h', 'y', 'p']
349	a_henrie_	['a', 'u', 'e', 'r', 'i', 't', 'd', 'o', 'c', 'n', 'l', 'h', 'y', 'p']
350	a_henry_	['a', 'u', 'e', 'r', 't', 'd', 'i', 'o', 'c', 'n', 'l', 'h', 'y', 'p']
351	a_hinaya	['a', 'r', 'm', 'l', 'h', 't', 'n', 'i', 'u', 'e', 'o', 'y', 'c']
352	a_hise_a	['a', 'u', 'e', 'r', 'l', 't', 'n', 'd', 'h', 's', 'i', 'o', 'y']
353	abhominable	['a', 'n', 'i', 'r', 'l', 'e', 's', 'u', 't', 'b', 'h', 'd', 'm', 'o']
354	a_hor	['a', 'u', 'e', 'o', 'r', 't', 'c', 'l', 'n', 'i', 'h', 'y']
355	a_horre_	['a', 'u', 'e', 'r', 'o', 't', 'c', 'l', 'n', 'i', 'h', 'y', 'p']
356	a_horrence	['a', 'u', 'e', 'r', 'n', 'o', 't', 'c', 'l', 'i', 'h', 'y', 'p', 'm', 'd']
357	a_horrences	['a', 'u', 'e', 'r', 'n', 't', 'd', 'g', 'i', 's', 'c', 'o', 'l', 'h', 'y', 'p']
358	a_horrency	['a', 'u', 'e', 'r', 'n', 'o', 't', 'c', 'l', 'i', 'h', 'y', 'p', 'm', 'g', 's']
359	a_horrent	['a', 'u', 'e', 'r', 'o', 't', 'c', 'l', 'n', 'i', 'h', 'y', 'p', 'v', 'f']
360	a_horrently	['a', 'u', 'e', 'r', 'n', 'o', 'g', 'i', 'd', 't', 'c', 'l', 'h', 'y', 'p', 'q', 'j']
361	a_horrer	['a', 'u', 'e', 'r', 'o', 't', 'c', 'l', 'n', 'i', 'h', 'y', 'p']
362	a_horrer_	['a', 'u', 'e', 'r', 'o', 't', 'c', 'l', 'n', 'i', 'h', 'y', 'p']
363	abhorrible	['a', 'u', 'e', 'o', 'n', 'r', 'i', 's', 'c', 'l', 'g', 't', 'p', 'b', 'h']
364	a_horrin_	['a', 'u', 'e', 'o', 'n', 'i', 'r', 't', 'c', 'l', 'h', 'y', 'p', 'x']
365	a_hor_	['a', 'u', 'e', 'o', 'r', 't', 'c', 'l', 'n', 'i', 'h', 'y']
366	a_horson	['a', 'u', 'e', 'o', 'n', 'r', 'i', 't', 's', 'c', 'l', 'h', 'y', 'p']
367	aby	['a', 'u', 'e', 'o', 'i', 'y', 'c', 'p', 'n', 'b']
368	a_i_	['a', 'u', 'e', 'o', 'i', 'y', 'c', 'p', 's', 'g']
369	a_ichite	['a', 'u', 'e', 'o', 'i', 'n', 'r', 'l', 't', 's', 'c', 'h', 'y', 'p']
370	a_i_al	['a', 'r', 'm', 'l', 'h', 't', 'n', 'c', 'i', 's', 'e']
371	a_idance	['a', 'n', 'r', 'm', 'l', 'h', 't', 'c', 'i', 's', 'e', 'd', 'u', 'o']
372	a_idances	['a', 'n', 'r', 'm', 'l', 'e', 't', 'd', 'g', 'i', 's', 'c', 'u', 'o', 'y']
373	a_idden	['a', 'u', 'e', 'r', 'l', 't', 'n', 'd', 'i', 'o', 'y', 'c', 'p']
374	a_i_e	['a', 'u', 'e', 'o', 'i', 'y', 'c', 'p', 'x', 'v', 'l']
375	a_ided	['a', 'u', 'e', 'r', 'l', 't', 'n', 'd', 'i', 'o', 'y', 'c']
376	a_ider	['a', 'u', 'e', 'r', 'l', 't', 'n', 'd', 'i', 'o', 'y', 'c', 'p']
377	a_ider_	['a', 'u', 'e', 'r', 'l', 't', 'n', 'd', 'i', 'o', 'y', 'c', 'p']
378	a_ide_	['a', 'u', 'e', 'r', 'l', 't', 'n', 'd', 'i', 'o', 'y', 'c']
379	a_i_i	['a', 'u', 'e', 'o', 'i', 'y', 'c', 'p', 'n', 'h']
380	a_idin_	['a', 'u', 'e', 'o', 'i', 'n', 'l', 't', 's', 'r', 'd', 'y']
381	a_idingly	['a', 'u', 'e', 'o', 'i', 'n', 'l', 't', 's', 'r', 'd', 'g', 'y', 'c', 'p']
382	a_idingness	['a', 'u', 'e', 'r', 'l', 't', 'n', 'i', 'o', 's', 'd', 'g', 'y', 'c', 'p']
383	a_ie	['a', 'u', 'e', 'o', 'i', 'y', 'c', 'p', 't', 'g', 'h']
384	abye	['a', 'u', 'e', 'o', 'i', 'y', 'c', 'p', 'b']
385	a__e_h	['a', 'u', 'e', 'r', 'l', 't', 'n', 'd', 'h', 's', 'm']
386	a__en_e	['a', 'u', 'e', 'r', 'n', 'l', 't', 'd', 'h', 's', 'm']
387	a_ient	['a', 'u', 'e', 'r', 'l', 't', 'n', 'd', 'h', 's', 'm', 'i', 'o']
388	a__es	['a', 'u', 'e', 'r', 'l', 't', 'n', 'd', 'h', 's', 'm']
389	a__es	['a', 'u', 'e', 'r', 'l', 't', 'n', 'd', 'h', 's', 'm']
390	a_ietate	['a', 'r', 'm', 'l', 'h', 't', 's', 'e', 'n', 'd', 'i', 'u']
391	a_ietene	['a', 'u', 'e', 'r', 'n', 'l', 's', 't', 'd', 'h', 'm', 'i', 'o']
392	a__et__	['a', 'u', 'e', 'r', 'n', 'l', 's', 't', 'd', 'h', 'm']
393	a_ietin	['a', 'u', 'e', 'r', 'n', 'l', 's', 't', 'd', 'h', 'm', 'i', 'o']
394	a_ietineae	['a', 'r', 'm', 'l', 'h', 't', 'e', 'n', 'i', 'u', 'o', 'y', 'c']
395	abietineou_	['a', 'u', 'o', 'r', 't', 'e', 'l', 'n', 'i', 'y', 'c', 'p', 'b', 'w', 'k', 'v']
396	a_ietinic	['a', 'u', 'e', 'r', 'n', 'i', 'l', 's', 't', 'o', 'y', 'c', 'p', 'g']
397	a_ietite	['a', 'u', 'e', 'r', 'n', 'l', 's', 't', 'i', 'o', 'y', 'c']
398	a_ie_er	['a', 'u', 'e', 'r', 'n', 'l', 's', 't', 'd', 'm', 'i', 'c']
399	a_i_ail	['a', 'r', 'm', 'l', 'h', 't', 'n', 'c', 'i', 's', 'e']
400	a_igails	['a', 'n', 'r', 'l', 'i', 't', 's', 'm', 'c', 'e', 'd', 'g', 'u']
401	a_igailshi_	['a', 'n', 'r', 'l', 'i', 't', 's', 'm', 'c', 'h', 'e', 'd', 'g', 'u']
402	a_i_eat	['a', 'r', 'm', 'l', 'h', 't', 'n', 'c', 'i', 's', 'e', 'd']
403	a___e_	['a', 'u', 'e', 'r', 'l', 't', 'n', 'd', 'h', 's']
404	ab__eus	['a', 'u', 'o', 'r', 'h', 's', 'l', 't', 'm', 'b', 'e', 'n', 'd']
405	a__in_	['a', 'u', 'e', 'o', 'i', 'r', 'l', 't', 'n', 'h', 'd']
406	abilao	['a', 'r', 'm', 'l', 'e', 'i', 'u', 'o', 'y', 'c', 'p', 'b']
407	a_ile_e	['a', 'u', 'e', 'r', 'l', 'i', 'o', 'y', 'c', 'p', 'g', 'd']
408	a_iliment	['a', 'u', 'e', 'r', 'l', 't', 'n', 'i', 's', 'd', 'c', 'm', 'o', 'y', 'p']
409	abilitable	['a', 'n', 'r', 'l', 'i', 't', 'e', 's', 'u', 'b']
410	a_ili_y	['a', 'u', 'e', 'o', 'i', 'n', 'l', 'y', 'c', 'p', 's', 'z']
411	a_ilitie_	['a', 'u', 'e', 'r', 'l', 't', 'i', 'o', 'y', 'c', 'p', 'n', 'h']
412	a_illa	['a', 'u', 'e', 'o', 'i', 'n', 's', 'c', 'l', 'y', 'p']
413	abilo	['a', 'u', 'e', 'o', 'i', 'y', 'c', 'p', 'r', 'l', 'b']
414	a_ime	['a', 'u', 'e', 'o', 'i', 'y', 'c', 'p', 'k', 'h', 'm', 'd']
415	a_intestate	['a', 'r', 'm', 'l', 'h', 't', 'e', 's', 'i', 'n', 'u', 'o', 'y', 'c']
416	a_i__eneses	['a', 'u', 'e', 'r', 'n', 'l', 's', 't', 'd', 'h', 'm', 'i', 'c']
417	a_i__enesis	['a', 'u', 'e', 'r', 'n', 'l', 's', 't', 'd', 'h', 'm', 'i', 'c']
418	abiogenesist	['a', 'u', 'e', 'r', 'n', 'l', 's', 'i', 't', 'd', 'h', 'c', 'm', 'b', 'g', 'o']
419	abiogenetic	['a', 'u', 'e', 'r', 'n', 'l', 's', 't', 'd', 'h', 'm', 'i', 'c', 'b', 'g', 'o']
420	abiogenetical	['a', 'r', 'm', 'l', 'h', 't', 'e', 'n', 'i', 's', 'c', 'd', 'b', 'g', 'o']
421	abiogenetically	['a', 'n', 'i', 'l', 't', 'e', 's', 'r', 'm', 'c', 'd', 'h', 'b', 'g', 'o', 'u', 'y']
422	a____en_	['a', 'u', 'e', 'r', 'l', 't', 'n', 'd', 'h', 's', 'm']
423	a_iogeni_t	['a', 'u', 'e', 'r', 'n', 'l', 't', 'g', 'i', 'o', 'y', 'c', 'p', 'v', 'd']
424	a_iogenous	['a', 'u', 'o', 'n', 'i', 'e', 'r', 'l', 't', 's', 'm', 'd', 'v', 'g', 'y', 'c']
425	a_iolo_y	['a', 'u', 'e', 'o', 'r', 'n', 'l', 't', 'c', 'i', 'y', 'p', 'm']
426	a_iolo_ical	['a', 'r', 'm', 'l', 'e', 'i', 'n', 't', 's', 'c', 'o', 'd', 'v']
427	a_iolo_icall_	['a', 'n', 'r', 'l', 'm', 'e', 'i', 't', 's', 'c', 'o', 'd', 'v']
428	a_ioses	['a', 'u', 'e', 'r', 'l', 't', 'n', 'd', 'h', 's', 'i', 'o', 'y']
429	a_iosis	['a', 'u', 'e', 'o', 'n', 'r', 't', 'c', 'l', 'i', 's', 'y']
430	a_iotic	['a', 'u', 'e', 'o', 'n', 'r', 't', 'c', 'l', 'i', 'y', 'p', 'j']
431	a_iotical	['a', 'r', 'm', 'l', 'h', 't', 'e', 's', 'i', 'n', 'c', 'o', 'u', 'y']
432	a_iotically	['a', 'n', 'r', 'l', 'm', 'h', 't', 'e', 's', 'i', 'c', 'o', 'u', 'y', 'p']
433	a_iotro___	['a', 'u', 'e', 'o', 'n', 'r', 't', 'c', 'l', 'i', 's', 'm', 'd']
434	a_iotrophic	['a', 'u', 'e', 'o', 'n', 'r', 't', 'c', 'l', 'i', 'h', 's', 'g', 'p', 'y', 'j']
435	a_i_on	['a', 'u', 'e', 'o', 'r', 't', 'c', 'l', 'n', 'i', 's', 'm']
436	a_i_	['a', 'u', 'e', 'o', 'i', 'y', 'c', 'p', 'j', 'w']
437	a_irritant	['a', 'r', 'e', 'm', 'l', 'i', 'n', 't', 'u', 'o', 'y', 'c', 'p']
438	a_irritate	['a', 'r', 'e', 'm', 'l', 'i', 'n', 't', 'u', 'o', 'y', 'c', 'p']
439	a_irritate_	['a', 'n', 'r', 'e', 'l', 't', 'i', 'u', 'o', 'y', 'c', 'p', 'z']
440	a_irritatin_	['a', 'n', 'i', 'r', 'l', 't', 'u', 'e', 'o', 'y', 'c', 'p', 'z']
441	a_irritation	['a', 'n', 'r', 'e', 'l', 'm', 'i', 't', 'u', 'o', 'y', 'c', 'p', 'x']
442	a_irritati_e	['a', 'n', 'r', 'e', 'l', 'm', 'i', 't', 'u', 'o', 'y', 'c', 'p']
443	a_y_	['a', 'u', 'e', 'o', 'i', 'y', 'c', 'p', 't', 'n']
444	a_y__	['a', 'u', 'e', 'o', 'i', 'y', 'c', 'p', 'r', 'v']
445	a__smal	['a', 'r', 'm', 'e', 'o', 'i', 'u', 's', 'n', 't', 'l', 'd']
446	a__small_	['a', 'n', 'r', 'l', 'm', 'e', 'o', 'i', 'u', 's', 't', 'd']
447	a_ys_s	['a', 'u', 'e', 'o', 'i', 'y', 's', 'c', 'p', 'k', 'l']
448	a_y__	['a', 'u', 'e', 'o', 'i', 'y', 'c', 'p', 't', 'r']
449	a_yssa	['a', 'u', 'e', 'o', 'i', 'y', 's', 'c', 'p', 'd', 'j']
450	a__ssal	['a', 'r', 'm', 'l', 'h', 't', 'n', 'c', 'i', 's', 'e']
451	a__sses	['a', 'u', 'e', 'r', 'l', 't', 'n', 'd', 'h', 's', 'i']
452	a____inia	['a', 'u', 'e', 'o', 'i', 'n', 'r', 'l', 't', 'h', 'd']
453	a____inian	['a', 'r', 'm', 'l', 'h', 't', 'n', 'g', 'e', 'i', 'd']
454	a____inian_	['a', 'r', 'm', 'l', 'h', 't', 'n', 'g', 'e', 'i', 'd']
455	a__sso_enthonic	['a', 'u', 'e', 'r', 'n', 'i', 'o', 'l', 't', 's', 'm', 'd', 'h', 'v', 'g', 'c', 'p']
456	abyssolit_	['a', 'u', 'e', 'o', 'n', 'r', 't', 's', 'i', 'l', 'd', 'y', 'c', 'p', 'b', 'j']
457	a__ss__ela_ic	['a', 'n', 'r', 'l', 't', 'e', 'd', 's', 'i', 'm', 'k', 'h', 'c', 'v']
458	a__ssus	['a', 'u', 'o', 'r', 'h', 's', 'e', 'i', 'n', 't', 'l']
459	a_isto_	['a', 'u', 'e', 'o', 'r', 't', 's', 'i', 'y', 'c', 'p', 'm', 'v']
460	a_it	['a', 'u', 'e', 'o', 'i', 'y', 'c', 'p', 't', 'l', 'k']
461	a_iti_i	['a', 'u', 'e', 'o', 'i', 'n', 'l', 't', 'y', 'c', 'p']
462	abiuret	['a', 'u', 'r', 'o', 'h', 's', 'l', 't', 'm', 'b', 'e', 'i']
463	a__e_t	['a', 'u', 'e', 'r', 'l', 't', 'n', 'd', 'h', 's', 'm']
464	a__ectedness	['a', 'u', 'e', 'r', 'n', 'i', 'o', 's', 'y', 'd', 'l', 't', 'c', 'h', 'm']
465	ab_ection	['a', 'u', 'e', 'r', 'n', 'l', 's', 't', 'i', 'c', 'd', 'h', 'm', 'b', 'o', 'y']
466	ab_ections	['a', 'u', 'e', 'r', 'n', 'i', 'o', 'l', 's', 't', 'c', 'd', 'h', 'm', 'b', 'y', 'p']
467	a__ecti_e	['a', 'u', 'e', 'r', 'n', 'l', 's', 't', 'i', 'c', 'd', 'h', 'm']
468	a__ectl_	['a', 'u', 'e', 'r', 'n', 'l', 's', 't', 'i', 'c', 'd', 'h', 'm']
469	a__ectness	['a', 'u', 'e', 'r', 'n', 'i', 'o', 'l', 's', 't', 'c', 'd', 'h', 'm']
470	ab_oint	['a', 'u', 'e', 'o', 'n', 'i', 'r', 't', 'c', 'l', 'h', 'm', 'b', 's']
471	a__u___	['a', 'u', 'r', 'n', 'o', 's', 'l', 't', 'm', 'h']
472	a__u____	['a', 'u', 'r', 'n', 'o', 's', 'l', 't', 'm', 'h']
473	a__ud_in_	['a', 'u', 'r', 'n', 'i', 'l', 't', 'h', 'd', 'e', 's', 'o', 'm']
474	ab_udicate	['a', 'r', 'm', 'l', 'h', 't', 'n', 'c', 'i', 'd', 'e', 'o', 'u', 's', 'b', 'y']
475	ab_udicated	['a', 'n', 'r', 'l', 'm', 't', 'h', 'c', 'i', 'd', 'e', 'o', 'u', 's', 'b', 'y']
476	ab_udicatin_	['a', 'n', 'i', 'r', 'l', 't', 's', 'm', 'c', 'h', 'd', 'e', 'o', 'u', 'b', 'y']
477	ab_udication	['a', 'n', 'r', 'l', 'm', 't', 'e', 'h', 'i', 's', 'c', 'd', 'o', 'u', 'b', 'y', 'p']
478	ab_udicator	['a', 'n', 'r', 'l', 'm', 't', 'h', 'c', 'i', 'd', 'e', 'o', 'u', 's', 'b', 'y', 'p']
479	a____at_	['a', 'r', 'm', 'l', 'h', 't', 'n', 'c', 'i', 's']
480	ab_un_t	['a', 'u', 'r', 'n', 'o', 'h', 's', 'l', 't', 'm', 'b', 'e', 'i']
481	ab_unction	['a', 'u', 'r', 'n', 'e', 'g', 'i', 'l', 't', 's', 'o', 'c', 'h', 'm', 'b', 'd']
482	ab_uncti_e	['a', 'u', 'r', 'n', 'e', 'g', 'i', 'l', 't', 's', 'o', 'c', 'h', 'm', 'b', 'd']
483	ab_uration	['a', 'n', 'r', 'e', 'l', 't', 'o', 'i', 'u', 'h', 's', 'm', 'b', 'c', 'd', 'y']
484	ab_urations	['a', 'n', 'i', 'r', 'l', 't', 'e', 'o', 'u', 'h', 's', 'm', 'b', 'c', 'd', 'y', 'p']
485	ab_urator_	['a', 'n', 'r', 'e', 'l', 't', 'o', 'u', 'h', 's', 'm', 'b', 'i', 'c']
486	ab_ure	['a', 'u', 'o', 'r', 'h', 's', 'l', 't', 'm', 'b', 'e', 'i', 'c']
487	ab_ure_	['a', 'u', 'r', 'o', 'h', 's', 'l', 't', 'm', 'b', 'e', 'i', 'c']
488	ab_urement	['a', 'u', 'r', 'e', 'n', 'l', 's', 't', 'd', 'm', 'o', 'h', 'b', 'i', 'c', 'y']
489	ab_urer	['a', 'u', 'r', 'o', 'h', 's', 'l', 't', 'm', 'b', 'e', 'i', 'c']
490	ab_urers	['a', 'u', 'r', 'e', 'o', 'h', 's', 'l', 't', 'm', 'b', 'i', 'c', 'd']
491	ab_ures	['a', 'u', 'r', 'o', 'h', 's', 'l', 't', 'm', 'b', 'e', 'i', 'c', 'd']
492	ab_uri__	['a', 'u', 'r', 'e', 'i', 'o', 'h', 's', 'l', 't', 'm', 'b', 'c']
493	a__ar	['a', 'r', 'm', 'l', 'h', 't', 'n', 'c', 'i', 's']
494	ab_ari	['a', 'r', 'm', 'l', 'h', 't', 'n', 'c', 'i', 's', 'b', 'e']
495	a__ar_	['a', 'r', 'm', 'l', 'h', 't', 'n', 'c', 'i', 's']
496	a__has	['a', 'r', 'm', 'l', 'h', 'c', 's', 't', 'g', 'p', 'e']
497	a__hasian	['a', 'n', 'r', 'l', 'm', 't', 'h', 'c', 's', 'i', 'g', 'p', 'e']
498	a__	['a', 'u', 'e', 'o', 'i', 'y', 'c', 'p', 'j']
499	a_lac_	['a', 'r', 'm', 'l', 'u', 'e', 'o', 'i', 'y', 'c', 'p']
500	a_lactate	['a', 'n', 'r', 'l', 'm', 't', 's', 'i', 'e', 'c', 'u', 'o', 'y']
501	a_lactate_	['a', 'n', 'r', 'l', 'm', 't', 's', 'i', 'e', 'c', 'u', 'o', 'y']
502	a_lactatin_	['a', 'n', 'i', 'r', 'l', 't', 's', 'e', 'c', 'u', 'o', 'y', 'p', 'z']
503	a_lactation	['a', 'n', 'r', 'l', 'm', 't', 's', 'i', 'e', 'c', 'u', 'o', 'y', 'p', 'z']
504	abla___at_	['a', 'n', 'r', 'l', 'm', 't', 'h', 's', 'c', 'i', 'b', 'k']
505	a_lare	['a', 'r', 'm', 'l', 'u', 'e', 'o', 'i', 'y', 'c', 'p', 'h']
506	a_lastemic	['a', 'n', 'r', 'l', 't', 's', 'e', 'd', 'm', 'u', 'o', 'i', 'y', 'c', 'p', 'q']
507	a_lastin	['a', 'n', 'r', 'l', 't', 's', 'u', 'e', 'o', 'i', 'y', 'c', 'p', 'j']
508	a_lastous	['a', 'n', 'r', 'l', 't', 's', 'e', 'i', 'o', 'u', 'y', 'c', 'p', 'f']
509	a_la_e	['a', 'r', 'm', 'l', 'u', 'e', 'o', 'i', 'y', 'c', 'p']
510	a_late_	['a', 'n', 'r', 'l', 't', 'u', 'e', 'o', 'i', 'y', 'c', 'p']
511	a_late_	['a', 'n', 'r', 'l', 't', 'u', 'e', 'o', 'i', 'y', 'c', 'p']
512	a_latin_	['a', 'n', 'i', 'r', 'l', 't', 'u', 'e', 'o', 'y', 'c', 'p', 'z']
513	a_lation	['a', 'n', 'r', 'l', 't', 'e', 'i', 'u', 'o', 'y', 'c', 'p', 'x', 'm']
514	a_lation_	['a', 'n', 'i', 'r', 'l', 't', 'e', 'o', 'u', 'y', 'c', 'p', 'm', 'q']
515	a_latitious	['a', 'n', 'r', 'l', 't', 'e', 'i', 's', 'c', 'o', 'u', 'y', 'p', 'q', 'k']
516	a_lati_al	['a', 'n', 'r', 'l', 'm', 't', 'e', 'h', 'i', 's', 'c', 'd']
517	a_lati_e	['a', 'n', 'r', 'l', 't', 'e', 'i', 'u', 'o', 'y', 'c', 'p', 'z']
518	a_lativel_	['a', 'n', 'r', 'l', 't', 'e', 'i', 's', 'd', 'c', 'm', 'g', 'v', 'u']
519	a_latives	['a', 'n', 'r', 'l', 't', 'e', 'i', 's', 'd', 'c', 'm', 'g', 'v', 'u', 'o']
520	a_lator	['a', 'n', 'r', 'l', 't', 'u', 'e', 'o', 'i', 'y', 'c', 'p', 'z']
521	a_lau_	['a', 'r', 'm', 'l', 'u', 'e', 'o', 'i', 'y', 'c', 'p']
522	a_lauts	['a', 'n', 'r', 'l', 't', 's', 'i', 'e', 'c', 'u', 'o', 'y', 'p']
523	a_la_e	['a', 'r', 'm', 'l', 'u', 'e', 'o', 'i', 'y', 'c', 'p']
524	a__e	['a', 'u', 'e', 'o', 'i', 'y', 'c', 'p', 'm', 'r']
525	a_lee_e	['a', 'u', 'e', 'r', 'l', 'o', 'i', 'y', 'c', 'p', 'k']
526	a_le_ate	['a', 'r', 'm', 'l', 'e', 'n', 's', 't', 'd', 'c', 'i', 'h']
527	a_le_ates	['a', 'n', 'r', 'l', 'm', 'e', 't', 's', 'd', 'c', 'i', 'h', 'p']
528	ablegati_n	['a', 'n', 'r', 'l', 'm', 'e', 's', 't', 'd', 'c', 'i', 'h', 'p', 'b', 'g', 'u']
529	a_le__	['a', 'u', 'e', 'r', 'l', 'o', 'i', 'y', 'c', 'p', 'x']
530	a_lene__	['a', 'u', 'e', 'r', 'n', 'l', 'o', 'i', 'y', 'c', 'p', 'm']
531	a_lephar_a	['a', 'n', 'r', 'm', 'l', 'e', 's', 'h', 'c', 't', 'd', 'p', 'u', 'o']
532	a_lepharon	['a', 'n', 'r', 'm', 'l', 'e', 's', 'h', 'c', 't', 'd', 'p', 'u', 'o', 'i', 'y']
533	a_lepharous	['a', 'n', 'r', 'e', 'm', 'l', 'i', 's', 'h', 'c', 't', 'd', 'p', 'o', 'u', 'y', 'j']
534	a_lepharus	['a', 'n', 'r', 'm', 'l', 'e', 's', 'h', 'c', 't', 'd', 'p', 'u', 'o', 'i', 'y']
535	a_le_s_	['a', 'u', 'e', 'r', 'n', 'l', 's', 'i', 't', 'd', 'o', 'm']
536	a_le_sia	['a', 'u', 'e', 'r', 'n', 'l', 's', 'i', 't', 'd', 'o', 'm', 'y']
537	a_le_tical	['a', 'r', 'm', 'l', 'e', 'n', 's', 'h', 't', 'i', 'c', 'o', 'u', 'd']
538	a_le_ticall_	['a', 'n', 'r', 'l', 'm', 'e', 's', 'h', 't', 'i', 'c', 'o', 'u', 'd']
539	abler	['a', 'u', 'e', 'r', 'l', 'o', 'i', 'y', 'c', 'p', 'b']
540	a_le_	['a', 'u', 'e', 'r', 'l', 'o', 'i', 'y', 'c', 'p', 'n']
541	a_lesse	['a', 'u', 'e', 'r', 'n', 'l', 's', 'o', 'i', 'y', 'c', 'p']
542	a_le__	['a', 'u', 'e', 'r', 'l', 'o', 'i', 'y', 'c', 'p', 'k']
543	a_le_	['a', 'u', 'e', 'r', 'l', 'o', 'i', 'y', 'c', 'p', 'q']
544	a_le_hackets	['a', 'n', 'r', 'l', 'm', 'e', 's', 't', 'h', 'c', 'i', 'k', 'd', 'p', 'g', 'o']
545	ab_y	['a', 'u', 'e', 'o', 'i', 'y', 'c', 'p', 'v', 'b', 'k']
546	a_lin__	['a', 'u', 'e', 'o', 'i', 'n', 'r', 'l', 'y', 'c', 'p', 'v']
547	abli__	['a', 'u', 'e', 'o', 'i', 'r', 'l', 'y', 'c', 'p', 'b', 'd']
548	a_loc_	['a', 'u', 'e', 'o', 'r', 't', 'c', 'l', 'i', 'y', 'p', 'f']
549	a_loo_	['a', 'u', 'e', 'o', 'r', 't', 'c', 'l', 'i', 'y', 'p']
550	a_lo_	['a', 'u', 'e', 'o', 'r', 't', 'c', 'l', 'i', 'y', 'p']
551	a_lu_e	['a', 'u', 'o', 'r', 'h', 's', 'l', 'e', 'i', 'y', 'c', 'p']
552	a_luen_	['a', 'u', 'r', 'n', 'i', 'e', 'o', 'h', 's', 'l', 'y', 'c', 'p']
553	a_luen_s	['a', 'u', 'r', 'n', 'i', 'e', 'o', 'h', 's', 'l', 'y', 'c', 'p', 'v']
554	a_lush	['a', 'u', 'o', 'r', 'h', 's', 'l', 'e', 'i', 'y', 'c', 'p', 't']
555	a_lu_e	['a', 'u', 'o', 'r', 'h', 's', 'l', 'e', 'i', 'y', 'c', 'p']
556	a_lute_	['a', 'u', 'r', 'n', 'o', 's', 'l', 't', 'e', 'i', 'y', 'c', 'p']
557	a_lution	['a', 'u', 'r', 'n', 'o', 't', 'i', 'h', 's', 'l', 'e', 'y', 'c', 'p', 'f']
558	a_lutionary	['a', 'r', 'm', 'l', 'e', 'i', 'n', 'o', 't', 's', 'u', 'y', 'c', 'p', 'h', 'g', 'w']
559	ablution_	['a', 'u', 'r', 'n', 'i', 'e', 'o', 'l', 't', 'y', 'c', 'p', 'b', 'v', 'q', 'm']
560	a_lu_ion	['a', 'u', 'r', 'n', 'o', 't', 'c', 'l', 'i', 's', 'm', 'd', 'k', 'e']
561	a_mho	['a', 'u', 'e', 'o', 'i', 'y', 'c', 'p', 'j', 'm', 'h', 'l']
562	a___o_	['a', 'u', 'e', 'o', 'r', 't', 'c', 'l', 'n', 'i']
563	abm__alit_	['a', 'n', 'r', 'l', 'm', 'e', 'i', 'h', 't', 'c', 's', 'b', 'k', 'g']
564	abmodalities	['a', 'n', 'r', 'l', 'm', 'e', 't', 'i', 'h', 'c', 's', 'b', 'k', 'g', 'p', 'd', 'o']
565	a__	['a', 'u', 'e', 'o', 'i', 'y', 'c', 'p', 't']
566	a_na__	['a', 'r', 'm', 'l', 'h', 't', 'n', 'u', 'e', 'o']
567	a_ne_ate	['a', 'r', 'm', 'l', 'h', 't', 'n', 'e', 's', 'd', 'c', 'i']
568	a_ne_ated	['a', 'n', 'r', 'l', 'm', 'e', 't', 's', 'd', 'c', 'i', 'h', 'p']
569	a_ne_ates	['a', 'n', 'r', 'l', 'm', 'e', 't', 's', 'd', 'c', 'i', 'h', 'p']
570	a_ne_atin_	['a', 'n', 'i', 'r', 'l', 't', 'm', 'e', 's', 'd', 'c', 'h', 'p']
571	a_ne_ati_n	['a', 'n', 'r', 'l', 'm', 'e', 's', 't', 'd', 'c', 'i', 'h', 'p']
572	abnegations	['a', 'n', 'i', 'r', 'l', 't', 'e', 'o', 's', 'm', 'd', 'c', 'h', 'p', 'b', 'g']
573	a_ne_ati_e	['a', 'n', 'r', 'l', 'm', 'e', 's', 't', 'd', 'c', 'i', 'h', 'p']
574	a_ne_at_r	['a', 'n', 'r', 'l', 'm', 'e', 's', 't', 'd', 'c', 'i', 'h', 'p']
575	abnegators	['a', 'n', 'r', 'e', 'l', 's', 't', 'o', 'm', 'd', 'c', 'i', 'h', 'p', 'b', 'g']
576	a_ner	['a', 'u', 'e', 'r', 'l', 't', 'n', 'o', 'i', 'y', 'c', 'p']
577	a_ner_al	['a', 'r', 'i', 'e', 't', 's', 'm', 'l', 'n', 'd', 'o', 'c', 'g']
578	a_net	['a', 'u', 'e', 'r', 'l', 't', 'n', 'o', 'i', 'y', 'c', 'p']
579	a_neura_	['a', 'r', 'e', 't', 'd', 'i', 'o', 'c', 'n', 'p', 'u', 'y', 'x']
580	a_normal	['a', 'r', 'i', 'e', 't', 's', 'm', 'o', 'c', 'l', 'n', 'u', 'y', 'p']
581	a_normalcy	['a', 'n', 'r', 'e', 'i', 'o', 't', 's', 'm', 'l', 'u', 'y', 'c', 'p', 'j', 'g']
582	abnormalcies	['a', 'n', 'r', 'e', 'i', 'o', 't', 's', 'm', 'l', 'd', 'u', 'k', 'b', 'c']
583	a_normalise	['a', 'n', 'r', 'e', 'i', 'l', 'o', 't', 's', 'm', 'u', 'y', 'c', 'p', 'w', 'k', 'g']
584	a_normalised	['a', 'n', 'r', 'e', 'i', 'l', 't', 's', 'o', 'm', 'u', 'y', 'c', 'p', 'd', 'w', 'h', 'q']
585	a_normalisin_	['a', 'n', 'i', 'r', 'e', 'l', 't', 'o', 's', 'm', 'u', 'y', 'c', 'p', 'x', 'v']
586	abnormalism	['a', 'n', 'r', 'e', 'i', 'l', 'o', 't', 's', 'm', 'u', 'y', 'c', 'p', 'b']
587	a_normalist	['a', 'n', 'r', 'e', 'i', 'l', 'o', 't', 's', 'm', 'u', 'y', 'c', 'p', 'g', 'h', 'f']
588	abnormality	['a', 'n', 'r', 'e', 'i', 'l', 'o', 't', 's', 'm', 'u', 'y', 'c', 'p', 'h', 'd', 'b']
589	a_normalities	['a', 'n', 'r', 'e', 'i', 'l', 't', 'o', 's', 'm', 'u', 'y', 'c', 'p', 'v', 'j', 'd', 'x']
590	a_normali_e	['a', 'n', 'r', 'e', 'i', 'l', 'o', 't', 's', 'm', 'u', 'y', 'c', 'p', 'h', 'g']
591	abnormali_ed	['a', 'n', 'r', 'e', 'i', 'l', 't', 's', 'o', 'd', 'c', 'm', 'g', 'v', 'k', 'b', 'p', 'f']
592	abnormali_ing	['a', 'n', 'i', 'r', 'e', 'l', 't', 'o', 's', 'm', 'd', 'c', 'k', 'v', 'g', 'b', 'p']
593	a_normally	['a', 'n', 'r', 'e', 'i', 'o', 't', 's', 'm', 'l', 'u', 'y', 'c', 'p', 'd']
594	a_normalness	['a', 'n', 'i', 'r', 'e', 'o', 't', 's', 'm', 'u', 'y', 'g', 'l', 'c', 'p', 'd']
595	a_normals	['a', 'r', 'i', 'e', 't', 's', 'm', 'o', 'c', 'l', 'n', 'u', 'y', 'p', 'j']
596	a_normity	['a', 'u', 'e', 'o', 'n', 'r', 'i', 't', 's', 'd', 'l', 'm', 'y', 'c', 'p', 'q']
597	a_normities	['a', 'u', 'e', 'r', 'l', 'i', 'n', 't', 'o', 's', 'd', 'm', 'y', 'c', 'p', 'v', 'j']
598	a_normous	['a', 'u', 'o', 'n', 'r', 'i', 't', 's', 'e', 'c', 'd', 'l', 'm', 'y', 'p']
599	abnumerable	['a', 'n', 'r', 'e', 'l', 'i', 's', 'u', 't', 'm', 'b']
600	a_o	['a', 'u', 'e', 'o', 'i', 'y', 'c', 'p', 'z', 'l']
601	a__ar_	['a', 'r', 'm', 'l', 'h', 't', 'n', 'c', 'i', 's']
602	a__arda_e	['a', 'n', 'r', 'i', 'e', 't', 's', 'm', 'l', 'd', 'h', 'c']
603	a_o_ra	['a', 'u', 'e', 'o', 'n', 'r', 't', 'p', 'c', 'd', 'g']
604	a______et	['a', 'u', 'e', 'r', 'l', 't', 'n', 'd', 'h', 's', 'm']
605	a___ah	['a', 'r', 'm', 'l', 'h', 't', 'n', 'c', 'i', 's']
606	a_o_e	['a', 'u', 'e', 'o', 'i', 'y', 'c', 'p', 't', 'x', 'r']
607	a_oded	['a', 'u', 'e', 'r', 'l', 't', 'n', 'd', 'i', 'o', 'y', 'c']
608	a_odement	['a', 'u', 'e', 'r', 'n', 'l', 's', 't', 'd', 'm', 'i', 'o', 'y', 'c', 'p']
609	a_ode_	['a', 'u', 'e', 'r', 'l', 't', 'n', 'd', 'i', 'o', 'y', 'c']
610	a_o_y	['a', 'u', 'e', 'o', 'i', 'y', 'c', 'p', 'z', 'l', 'm']
611	a_odin_	['a', 'u', 'e', 'o', 'n', 'i', 'r', 'l', 't', 's', 'm', 'd', 'y']
612	a___a__	['a', 'r', 'm', 'l', 'h', 't', 'n', 'c', 'i']
613	a___a__s	['a', 'n', 'r', 'l', 'm', 't', 'h', 's', 'c', 'i']
614	a_o__	['a', 'u', 'e', 'o', 'i', 'y', 'c', 'p', 'x', 't']
615	a_o_ms	['a', 'u', 'e', 'o', 'n', 'r', 'l', 's', 'm', 'i', 't', 'd']
616	a__i__a_	['a', 'r', 'm', 'l', 'h', 't', 'n', 'c', 'i', 's']
617	a__idea_s	['a', 'r', 'm', 'l', 'h', 't', 'n', 'c', 'i', 's', 'e', 'd', 'k']
618	a__i__a__	['a', 'r', 'm', 'l', 'h', 't', 'n', 'c', 'i', 's']
619	a_oil	['a', 'u', 'e', 'o', 'i', 'y', 'c', 'p', 'd', 'l', 'z', 'j']
620	a__itea_	['a', 'r', 'm', 'l', 'h', 't', 'i', 'e', 'n', 'd', 's', 'k']
621	a__itea_s	['a', 'r', 'm', 'l', 'h', 't', 'i', 'e', 'n', 'd', 's', 'k', 'v']
622	a__itea__	['a', 'r', 'm', 'l', 'h', 't', 'i', 'e', 'n', 'd', 's', 'k']
623	a_ole_e	['a', 'u', 'e', 'r', 'l', 'i', 'o', 'y', 'c', 'p', 'w', 'n']
624	aboli__	['a', 'u', 'e', 'o', 'n', 'r', 'l', 'i', 'y', 'c', 'p', 'b', 't']
625	abolishable	['a', 'n', 'r', 'l', 'i', 'e', 's', 't', 'h', 'u', 'b', 'o']
626	a_olishe_	['a', 'u', 'e', 'r', 'l', 't', 'n', 'i', 's', 'h', 'o', 'y', 'c', 'p', 'q']
627	a_olisher	['a', 'u', 'e', 'r', 'l', 't', 'n', 'i', 's', 'h', 'o', 'y', 'c', 'p', 'q', 'g']
628	a_olishers	['a', 'u', 'e', 'r', 'l', 't', 'n', 'i', 's', 'h', 'o', 'y', 'c', 'p', 'v', 'm']
629	abolishes	['a', 'u', 'e', 'r', 'l', 't', 'n', 'i', 's', 'h', 'o', 'y', 'c', 'p', 'b']
630	a_olishin_	['a', 'u', 'e', 'o', 'n', 'i', 'r', 'l', 't', 's', 'h', 'y', 'c', 'p', 'f']
631	a_olishment	['a', 'u', 'e', 'r', 'l', 't', 'n', 'i', 's', 'd', 'h', 'm', 'o', 'y', 'c', 'p', 'w', 'v']
632	a_olishments	['a', 'u', 'e', 'r', 'n', 'l', 't', 'i', 's', 'd', 'h', 'm', 'o', 'y', 'c', 'p', 'j', 'w']
633	a_olition	['a', 'u', 'e', 'o', 'n', 'r', 't', 'i', 'l', 'y', 'c', 'p', 'h', 's']
634	abolitionary	['a', 'r', 'm', 'l', 'e', 'i', 'n', 'o', 't', 'u', 'y', 'c', 'p', 'b']
635	a_olitioni_e	['a', 'u', 'e', 'o', 'n', 'r', 'g', 'i', 'l', 't', 'y', 'c', 'p', 'w', 'q']
636	a_olitionise_	['a', 'u', 'e', 'r', 'l', 't', 'i', 'n', 'o', 's', 'y', 'c', 'p', 'w', 'x', 'j']
637	abolitionisin_	['a', 'u', 'e', 'o', 'n', 'i', 'r', 'l', 't', 's', 'y', 'c', 'p', 'h', 'b', 'v']
638	a_olitioni__	['a', 'u', 'e', 'o', 'n', 'r', 'g', 'i', 'l', 't', 'y', 'c', 'p', 'v']
639	a_olitioni_t	['a', 'u', 'e', 'o', 'n', 'r', 'g', 'i', 'l', 't', 'y', 'c', 'p', 'q']
640	abolitionists	['a', 'u', 'e', 'o', 'n', 'r', 'g', 'i', 'l', 't', 's', 'y', 'c', 'p', 'b']
641	a_olitionize	['a', 'u', 'e', 'o', 'n', 'r', 'g', 'i', 'l', 't', 'y', 'c', 'p', 'd', 'z', 'v']
642	a_olitioni_ed	['a', 'u', 'e', 'r', 'l', 't', 'i', 'n', 'o', 's', 'd', 'c', 'm', 'g', 'v', 'k']
643	a_olitioni_in_	['a', 'u', 'e', 'o', 'n', 'i', 'r', 'l', 't', 's', 'd', 'm', 'c', 'k']
644	a_olla	['a', 'u', 'e', 'o', 'n', 'r', 'l', 'i', 'y', 'c', 'p']
645	a_ollae	['a', 'r', 'm', 'l', 'e', 'i', 'o', 'u', 'y', 'c', 'p', 'z']
646	a_o_a	['a', 'u', 'e', 'o', 'i', 'y', 'c', 'p', 'z', 'f']
647	a_oma_	['a', 'r', 'm', 'e', 'o', 'u', 'i', 'y', 'c', 'p', 'g']
648	a_oma_a	['a', 'r', 'm', 'e', 'o', 'u', 'i', 'y', 'c', 'p', 'f']
649	a_omasal	['a', 'r', 'n', 'l', 't', 'm', 's', 'e', 'o', 'u', 'i', 'y', 'c']
650	a_oma_i	['a', 'r', 'm', 'e', 'o', 'u', 'i', 'y', 'c', 'p', 'z', 'q']
651	a_omasum	['a', 'n', 'r', 'l', 'm', 't', 's', 'e', 'o', 'u', 'i', 'y', 'c']
652	a_omasus	['a', 'n', 'r', 'l', 'm', 't', 's', 'e', 'o', 'u', 'i', 'y', 'c']
653	a_omasusi	['a', 'n', 'r', 'l', 'm', 't', 's', 'e', 'i', 'o', 'u', 'y', 'c', 'p']
654	ab_minabilit_	['a', 'n', 'i', 'r', 'l', 't', 's', 'm', 'd', 'k', 'h', 'c', 'v', 'b', 'e']
655	abominable	['a', 'n', 'i', 'r', 'l', 'e', 's', 'u', 't', 'b', 'h', 'd', 'm', 'o']
656	abominableness	['a', 'n', 'i', 'r', 'o', 'l', 'e', 't', 's', 'm', 'u', 'b']
657	abominably	['a', 'n', 'i', 'r', 'l', 'e', 's', 'u', 't', 'b', 'h', 'd', 'm', 'o', 'y']
658	a_ominate	['a', 'r', 'm', 'l', 'h', 't', 'n', 'i', 'e', 'o', 'u', 'y', 'c', 'p', 'w']
659	a_ominated	['a', 'n', 'i', 'r', 'l', 't', 'h', 'd', 's', 'm', 'e', 'o', 'u', 'y', 'c', 'p']
660	a_ominates	['a', 'n', 'i', 'r', 'l', 't', 'h', 'd', 's', 'm', 'e', 'o', 'u', 'y', 'c', 'p']
661	a_ominatin_	['a', 'n', 'i', 'r', 'l', 't', 'h', 'd', 's', 'm', 'e', 'o', 'u', 'y']
662	a_omination	['a', 'n', 'i', 'r', 'l', 't', 'h', 'd', 's', 'm', 'e', 'o', 'u', 'y']
663	a_ominations	['a', 'n', 'i', 'r', 'l', 't', 'e', 'o', 's', 'm', 'u', 'y', 'c', 'p', 'z']
664	a_ominator	['a', 'n', 'i', 'r', 'l', 't', 'h', 'd', 's', 'm', 'e', 'o', 'u', 'y', 'c']
665	abominators	['a', 'n', 'i', 'r', 'e', 'l', 't', 'o', 's', 'm', 'u', 'y', 'c', 'p', 'b']
666	a_omine	['a', 'u', 'e', 'o', 'n', 'i', 'r', 'l', 't', 's', 'm', 'y', 'c', 'p']
667	a_ondance	['a', 'n', 't', 'g', 'e', 'i', 'd', 'o', 'u', 'y', 'c', 'p', 'f', 'w']
668	a_on_o	['a', 'u', 'e', 'o', 'n', 'i', 'y', 'c', 'p', 'l', 'f']
669	abonne	['a', 'u', 'e', 'o', 'n', 'i', 'y', 'c', 'p', 'g', 'q', 'b']
670	a_onnement	['a', 'u', 'e', 'r', 'n', 'l', 's', 't', 'd', 'm', 'i', 'o', 'y', 'c']
671	a_oo_	['a', 'u', 'e', 'o', 'i', 'y', 'c', 'p', 'f', 'j']
672	a_ora_	['a', 'r', 'e', 'o', 'u', 'i', 'y', 'c', 'p', 'k', 'm']
673	a_ora_	['a', 'r', 'e', 'o', 'u', 'i', 'y', 'c', 'p', 'x', 't']
674	a_orally	['a', 'n', 'r', 'e', 'l', 'o', 'u', 'i', 'y', 'c', 'p', 'x', 'f']
675	a_o__	['a', 'u', 'e', 'o', 'i', 'y', 'c', 'p', 'h', 'x']
676	a__ri_inal	['a', 'r', 'e', 'm', 'l', 'i', 'n', 't', 's', 'd', 'c', 'k', 'v']
677	a_originalit_	['a', 'n', 'i', 'r', 'l', 't', 's', 'd', 'e', 'm', 'c', 'k', 'v', 'o', 'g', 'u']
678	a__ri_inall_	['a', 'n', 'i', 'l', 't', 's', 'r', 'd', 'e', 'm', 'c', 'k', 'v']
679	a_originals	['a', 'r', 'e', 'm', 'l', 'i', 'n', 't', 's', 'd', 'c', 'k', 'v', 'o', 'g', 'u']
680	a__ri_inar_	['a', 'r', 'e', 'm', 'l', 'i', 'n', 't', 's', 'd', 'c', 'k']
681	a_ori_ine	['a', 'u', 'e', 'o', 'n', 'i', 'r', 'l', 't', 's', 'd', 'm', 'c', 'k']
682	a__ri_ines	['a', 'u', 'e', 'r', 'l', 'i', 'n', 't', 's', 'd', 'm', 'c', 'k', 'v']
683	a_orning	['a', 'u', 'e', 'o', 'n', 'i', 'r', 'y', 'c', 'p', 'l', 'w', 'g', 'j']
684	a_orsement	['a', 'u', 'e', 'r', 'n', 'l', 's', 't', 'd', 'm', 'o', 'i', 'y', 'c', 'p', 'h']
685	a_orsi_e	['a', 'u', 'e', 'o', 'n', 'r', 'i', 't', 's', 'y', 'c', 'p', 'z', 'k']
686	a_o_t	['a', 'u', 'e', 'o', 'i', 'y', 'c', 'p', 't', 'z', 'w']
687	a_orte_	['a', 'u', 'e', 'r', 'i', 't', 'o', 'y', 'c', 'p', 'z', 'f', 'q']
688	a_orter	['a', 'u', 'e', 'r', 'i', 't', 'o', 'y', 'c', 'p', 's', 'j', 'q']
689	a_orter_	['a', 'u', 'e', 'r', 'i', 't', 'o', 'y', 'c', 'p', 'w', 'l', 'k']
690	a_orticide	['a', 'u', 'e', 'o', 'n', 'r', 'i', 'l', 't', 's', 'd', 'm', 'c', 'y', 'p', 'k']
691	a_ortient	['a', 'u', 'e', 'r', 'l', 'i', 't', 'o', 'y', 'c', 'p', 'j', 'k', 'n', 'z']
692	aborti_acient	['a', 'n', 'i', 'r', 'l', 't', 'e', 's', 'm', 'c', 'd', 'g', 'k', 'b', 'o', 'v', 'p']
693	a_ortin	['a', 'u', 'e', 'o', 'n', 'r', 'i', 't', 'y', 'c', 'p', 'd', 'j', 'w']
694	a_orting	['a', 'u', 'e', 'o', 'n', 'i', 'r', 't', 'y', 'c', 'p', 'h', 'v', 'g', 'k']
695	a_ortion	['a', 'u', 'e', 'o', 'n', 'r', 'i', 't', 'y', 'c', 'p', 'x', 'v', 'q']
696	a_ortional	['a', 'r', 'e', 'm', 'l', 'i', 't', 'n', 'o', 'u', 'y', 'c', 'p', 'v', 's']
697	a_ortioni_t	['a', 'u', 'e', 'o', 'n', 'r', 'i', 't', 'y', 'c', 'p', 'v', 'q', 'w']
698	a_ortionists	['a', 'u', 'e', 'o', 'n', 'r', 'i', 't', 's', 'y', 'c', 'p', 'f', 'l', 'k']
699	abortion_	['a', 'u', 'e', 'o', 'n', 'r', 'i', 't', 'y', 'c', 'p', 'b', 'z', 'g', 'l']
700	a_orti_e	['a', 'u', 'e', 'o', 'n', 'r', 'i', 't', 'y', 'c', 'p', 'k', 'w', 'g']
701	a_ortively	['a', 'u', 'e', 'r', 'l', 'i', 'n', 't', 's', 'd', 'c', 'm', 'g', 'v', 'o', 'y', 'p']
702	a_ortiveness	['a', 'u', 'e', 'r', 'n', 'l', 'i', 't', 's', 'd', 'c', 'm', 'g', 'v', 'o', 'y', 'p']
703	a_ortogenic	['a', 'u', 'e', 'r', 'n', 'l', 'i', 't', 'o', 's', 'm', 'd', 'v', 'g', 'y', 'c', 'p']
704	a_or__	['a', 'u', 'e', 'o', 'n', 'r', 'i', 'y', 'c', 'p', 'v']
705	a_ortus	['a', 'u', 'o', 'n', 'r', 's', 'e', 't', 'i', 'y', 'c', 'p', 'j', 'x']
706	a_ortuses	['a', 'u', 'r', 'o', 's', 'e', 't', 'i', 'y', 'c', 'p', 'j', 'x', 'l', 'g']
707	a_o_	['a', 'u', 'e', 'o', 'i', 'y', 'c', 'p', 'k', 'x']
708	a_o_e	['a', 'u', 'e', 'o', 'i', 'y', 'c', 'p', 'w', 'k', 'n']
709	a_ouchement	['a', 'u', 'r', 'n', 'i', 'o', 'e', 'l', 's', 't', 'd', 'm', 'h', 'c', 'y', 'p', 'w']
710	a_oudi_ro	['a', 'u', 'r', 'e', 'o', 't', 'n', 's', 'i', 'l', 'c', 'm', 'd', 'g']
711	a_ou__t	['a', 'u', 'r', 'n', 'o', 's', 'l', 't', 'm', 'e', 'i', 'c']
712	aboulia	['a', 'u', 'r', 'n', 'o', 's', 'l', 'e', 'i', 'y', 'c', 'p', 'b']
713	a_oulia_	['a', 'r', 'm', 'l', 'i', 'e', 'o', 'u', 'y', 'c', 'p', 'k', 'j']
714	a_oulic	['a', 'u', 'r', 'n', 'o', 's', 'l', 'e', 'i', 'y', 'c', 'p', 'z', 'f']
715	a_ou__	['a', 'u', 'o', 'e', 'i', 'y', 'c', 'p', 's', 't', 'l']
716	a_ounded	['a', 'u', 'r', 'n', 'e', 't', 'd', 'o', 'i', 'y', 'c', 'p', 'z', 'k']
717	a_ounder	['a', 'u', 'r', 'n', 'e', 't', 'd', 'o', 'i', 'y', 'c', 'p', 'l', 'z', 'h']
718	a_oundin_	['a', 'u', 'r', 'n', 'i', 't', 'd', 'o', 'e', 'y', 'c', 'p', 'x', 's']
719	a_ounding_y	['a', 'u', 'r', 'n', 'i', 't', 'd', 'e', 'g', 'o', 'y', 'c', 'p', 'z', 'v', 'k']
720	a_oun_s	['a', 'u', 'r', 'n', 'o', 'e', 'i', 'y', 'c', 'p', 's', 'v', 'f']
721	a_ou_	['a', 'u', 'o', 'e', 'i', 'y', 'c', 'p', 'k', 'q', 'z']
722	a_ou__	['a', 'u', 'o', 'e', 'i', 'y', 'c', 'p', 'f', 'n', 'z']
723	a_o_e	['a', 'u', 'e', 'o', 'i', 'y', 'c', 'p', 'x', 'g', 'h']
724	a______ar_	['a', 'r', 'm', 'l', 'h', 't', 'n', 'c', 'i', 's']
725	a___ede__	['a', 'u', 'e', 'r', 'n', 'l', 's', 't', 'd', 'h', 'm']
726	aboveground	['a', 'u', 'o', 'n', 'r', 'e', 'l', 't', 's', 'm', 'd', 'v', 'i', 'c', 'p', 'b', 'g']
727	a_ovementioned	['a', 'u', 'e', 'r', 'n', 'l', 's', 't', 'd', 'm', 'i', 'o', 'v', 'y', 'c', 'p', 'g']
728	a_o_e_roo_	['a', 'u', 'e', 'r', 't', 'd', 'i', 'o', 'n', 'l', 's', 'm']
729	a___es	['a', 'u', 'e', 'r', 'l', 't', 'n', 'd', 'h', 's', 'm']
730	ab__esaid	['a', 'r', 'm', 'l', 'h', 't', 'n', 'c', 'i', 's', 'e', 'd', 'b', 'g']
731	abovestairs	['a', 'n', 'r', 't', 'e', 's', 'u', 'i', 'l', 'd', 'h', 'm', 'b', 'g', 'v', 'o']
732	a_o_	['a', 'u', 'e', 'o', 'i', 'y', 'c', 'p', 's', 'd']
733	a_o_	['a', 'u', 'e', 'o', 'i', 'y', 'c', 'p', 'f', 'h']
734	a_p	['a', 'u', 'e', 'o', 'i', 'y', 'c', 'p', 's', 'k']
735	a__	['a', 'u', 'e', 'o', 'i', 'y', 'c', 'p', 'f']
736	a_racada_ra	['a', 'r', 'n', 'l', 't', 'm', 's', 'e', 'c', 'd', 'u', 'i']
737	a_rach_a	['a', 'n', 'r', 'l', 't', 's', 'm', 'c', 'h', 'u', 'e', 'o']
738	a_rachia_	['a', 'n', 'r', 'l', 'm', 't', 'h', 'c', 'i', 'u', 'e', 'o', 'y']
739	abradable	['a', 'r', 'n', 'l', 't', 'm', 's', 'c', 'i', 'd', 'e', 'u', 'b']
740	a_radant	['a', 'r', 'n', 'l', 't', 'm', 's', 'c', 'd', 'u', 'e', 'o', 'i']
741	a_radants	['a', 'r', 'n', 'l', 't', 'm', 's', 'c', 'd', 'u', 'e', 'o', 'i', 'y']
742	abra_e	['a', 'r', 'u', 'e', 'o', 'i', 'y', 'c', 'p', 'b', 'l', 'h']
743	a_raded	['a', 'n', 'r', 'l', 't', 's', 'm', 'c', 'd', 'u', 'e', 'o']
744	a_rader	['a', 'n', 'r', 'l', 't', 's', 'm', 'c', 'd', 'u', 'e', 'o']
745	a_raders	['a', 'n', 'r', 'e', 'l', 't', 's', 'd', 'u', 'o', 'i', 'y', 'c']
746	a_rades	['a', 'n', 'r', 'l', 't', 's', 'm', 'c', 'd', 'u', 'e', 'o', 'i']
747	a_radin_	['a', 'n', 'i', 'r', 'l', 't', 's', 'm', 'd', 'u', 'e', 'o', 'y']
748	a_raham	['a', 'r', 'n', 'l', 't', 'm', 's', 'c', 'd', 'h', 'u', 'e']
749	a_raham_c	['a', 'r', 'n', 'l', 't', 'm', 's', 'c', 'd', 'h', 'u', 'e', 'o']
750	a_rahamidae	['a', 'r', 'n', 'l', 't', 'm', 's', 'c', 'd', 'e', 'h', 'i', 'u', 'o', 'y']
751	a_rahamite	['a', 'r', 'n', 'l', 't', 'm', 's', 'e', 'i', 'c', 'd', 'h', 'u', 'o', 'y']
752	a_rahamitic	['a', 'r', 'n', 'l', 't', 'm', 's', 'e', 'i', 'c', 'd', 'h', 'u', 'o', 'y']
753	a_ray	['a', 'r', 'u', 'e', 'o', 'i', 'y', 'c', 'p', 'd', 't']
754	a_rai_	['a', 'r', 'u', 'e', 'o', 'i', 'y', 'c', 'p', 'g', 'j']
755	a_ra_	['a', 'r', 'u', 'e', 'o', 'i', 'y', 'c', 'p', 'x']
756	a_ramis	['a', 'n', 'r', 'l', 't', 's', 'm', 'u', 'e', 'o', 'i', 'y', 'c']
757	a_ranchial	['a', 'n', 'r', 'm', 'l', 'e', 'g', 'h', 'i', 's', 'c', 'u', 'o', 'y', 'p']
758	a_ranchialism	['a', 'n', 'r', 'l', 'm', 'e', 'i', 'g', 't', 'd', 'h', 's', 'c', 'u', 'o', 'y', 'p']
759	a_ranchian	['a', 'n', 'r', 'm', 'l', 'e', 'g', 'h', 'i', 's', 'c', 'u', 'o', 'y']
760	a_ranchia_a	['a', 'n', 'r', 'm', 'l', 'e', 'g', 'h', 'i', 's', 'c', 'u', 'o', 'y']
761	a_ranchia_e	['a', 'n', 'r', 'm', 'l', 'e', 'g', 'h', 'i', 's', 'c', 'u', 'o', 'y', 'p']
762	abranchious	['a', 'n', 'r', 'e', 'g', 'i', 'l', 't', 's', 'c', 'h', 'o', 'u', 'y', 'p', 'q', 'b']
763	a_rasa_	['a', 'r', 'n', 'l', 't', 'm', 's', 'u', 'e', 'o', 'i']
764	a_ra_e	['a', 'r', 'u', 'e', 'o', 'i', 'y', 'c', 'p', 'l', 'd']
765	a_rase_	['a', 'n', 'r', 'l', 't', 's', 'u', 'e', 'o', 'i', 'y', 'c']
766	a_raser	['a', 'n', 'r', 'l', 't', 's', 'u', 'e', 'o', 'i', 'y', 'c']
767	a_ra__	['a', 'r', 'u', 'e', 'o', 'i', 'y', 'c', 'p', 'w']
768	a_rasin_	['a', 'n', 'i', 'r', 'l', 't', 's', 'u', 'e', 'o', 'y', 'c', 'p']
769	a_rasiometer	['a', 'n', 'r', 'l', 't', 's', 'e', 'd', 'h', 'm', 'i', 'o', 'u', 'y', 'c', 'p']
770	a_rasion	['a', 'n', 'r', 'l', 't', 's', 'e', 'h', 'i', 'u', 'o', 'y', 'c', 'p']
771	a_rasions	['a', 'n', 'i', 'r', 'l', 't', 'e', 'o', 's', 'u', 'y', 'c', 'p', 'z']
772	a_rasi_e	['a', 'n', 'r', 'l', 't', 's', 'e', 'h', 'i', 'u', 'o', 'y', 'c']
773	a_rasivel_	['a', 'n', 'r', 'l', 't', 'e', 'd', 's', 'h', 'm', 'i', 'c', 'g', 'v', 'u']
774	a_rasiveness	['a', 'n', 'i', 'r', 'l', 't', 's', 'e', 'd', 'c', 'm', 'g', 'v', 'u', 'o']
775	a_rasi_es	['a', 'n', 'r', 'l', 't', 's', 'e', 'd', 'h', 'm', 'i', 'c', 'g']
776	a_rastol	['a', 'n', 'r', 'l', 't', 's', 'u', 'e', 'o', 'i', 'y', 'c', 'p', 'm']
777	a_rau_	['a', 'r', 'u', 'e', 'o', 'i', 'y', 'c', 'p', 'x', 't']
778	a_ra_as	['a', 'r', 'n', 'l', 't', 'm', 's', 'c', 'd', 'h', 'i']
779	a_ra_ite	['a', 'n', 'r', 'l', 't', 's', 'm', 'e', 'i', 'd', 'k', 'h', 'c']
780	a_ra_iti_	['a', 'n', 'r', 'l', 't', 's', 'm', 'e', 'i', 'd', 'k', 'h']
781	a_ra_o	['a', 'r', 'u', 'e', 'o', 'i', 'y', 'c', 'p', 'k', 's']
782	a_ra__s	['a', 'n', 'r', 'l', 't', 's', 'm', 'c', 'd', 'i', 'k']
783	abreac_	['a', 'r', 'i', 'e', 'u', 'o', 'y', 'c', 'p', 'b', 'k', 'v', 'l']
784	a_reacte_	['a', 'n', 'r', 'i', 'e', 'l', 't', 's', 'c', 'u', 'o', 'y', 'p']
785	abreactin_	['a', 'n', 'i', 'r', 'e', 'l', 't', 's', 'c', 'u', 'o', 'y', 'p', 'x', 'b', 'v']
786	a_reaction	['a', 'n', 'r', 'i', 'e', 'l', 't', 's', 'c', 'u', 'o', 'y', 'p', 'j', 'f', 'x']
787	a_reactions	['a', 'n', 'i', 'e', 'o', 'r', 'l', 't', 's', 'c', 'u', 'y', 'p', 'k', 'h', 'd', 'j']
788	a_reacts	['a', 'n', 'r', 'i', 'e', 'l', 't', 's', 'c', 'u', 'o', 'y', 'p', 'f']
789	a_rea__	['a', 'r', 'i', 'e', 'u', 'o', 'y', 'c', 'p', 'f', 'w']
790	a_ree_	['a', 'u', 'e', 'r', 'o', 'i', 'y', 'c', 'p', 'n', 'g']
791	abre_e	['a', 'u', 'e', 'r', 'o', 'i', 'y', 'c', 'p', 'w', 'b', 's']
792	a_rei_	['a', 'u', 'e', 'r', 'o', 'i', 'y', 'c', 'p', 'g', 'm', 'q']
793	a_renounce	['a', 'u', 'r', 'e', 'n', 'o', 'i', 'y', 'c', 'p', 'q', 'g', 'd', 'v', 'f']
794	a_renunciate	['a', 'r', 'e', 'n', 'i', 'o', 't', 'd', 's', 'g', 'k', 'c', 'u', 'y', 'p', 'w']
795	a_renunciation	['a', 'n', 'e', 'i', 'r', 'l', 't', 'o', 'd', 's', 'g', 'k', 'c', 'u', 'y', 'p', 'z']
796	a_reption	['a', 'u', 'e', 'r', 'n', 's', 'l', 'd', 't', 'i', 'c', 'o', 'p', 'y', 'g', 'v']
797	a_re_	['a', 'u', 'e', 'r', 'o', 'i', 'y', 'c', 'p', 'h', 'q']
798	abreu_oir	['a', 'u', 'r', 'o', 'n', 'l', 't', 's', 'm', 'e', 'c', 'i', 'b', 'd', 'k']
799	a__i	['a', 'u', 'e', 'o', 'i', 'y', 'c', 'p', 'k', 'z']
800	a_rico	['a', 'u', 'e', 'o', 'i', 'r', 'y', 'c', 'p', 's', 'v', 'd', 'm']
801	a_ricock	['a', 'u', 'e', 'o', 'r', 'i', 'n', 'c', 'y', 'p', 'k', 'm', 'j', 'z']
802	a_rico_	['a', 'u', 'e', 'o', 'r', 'i', 'n', 'c', 'y', 'p', 'f', 'g', 'q']
803	abri__able	['a', 'n', 'r', 'e', 'l', 'i', 's', 'u', 't', 'b', 'm', 'h', 'c', 'k']
804	a_ri__e	['a', 'u', 'e', 'o', 'i', 'n', 'r', 's', 'c', 'l', 't', 'm']
805	abridgeable	['a', 'n', 'r', 'e', 'l', 'i', 's', 'u', 't', 'b', 'd', 'h', 'g']
806	a_ridged	['a', 'u', 'e', 'r', 'l', 'i', 'n', 't', 's', 'd', 'h', 'g', 'o', 'y']
807	a_rid_edl_	['a', 'u', 'e', 'r', 'n', 'l', 'i', 's', 'o', 't', 'c', 'p', 'd', 'h']
808	a_ridgement	['a', 'u', 'e', 'r', 'n', 'l', 's', 't', 'd', 'i', 'm', 'h', 'g', 'o', 'y', 'c', 'p']
809	a_ridgements	['a', 'u', 'e', 'r', 'n', 'l', 's', 't', 'd', 'i', 'm', 'h', 'g', 'o', 'y', 'c', 'p', 'f']
810	a_ridger	['a', 'u', 'e', 'r', 'l', 'i', 'n', 't', 's', 'd', 'h', 'g', 'o', 'y']
811	a_ridgers	['a', 'u', 'e', 'r', 'l', 'i', 'n', 't', 's', 'd', 'h', 'g', 'o', 'y', 'c']
812	a_ridges	['a', 'u', 'e', 'r', 'l', 'i', 'n', 't', 's', 'd', 'h', 'g', 'o', 'y', 'c']
813	a_ri__in_	['a', 'u', 'e', 'o', 'i', 'n', 'r', 'l', 't', 's', 'c', 'h']
814	a_ridgment	['a', 'u', 'e', 'r', 'l', 'i', 'n', 't', 's', 'd', 'h', 'm', 'o', 'y', 'g', 'c', 'p']
815	a_ridgments	['a', 'u', 'e', 'r', 'n', 'l', 'i', 't', 's', 'd', 'h', 'm', 'o', 'y', 'g', 'c', 'p', 'x']
816	a_ri_	['a', 'u', 'e', 'o', 'i', 'r', 'y', 'c', 'p', 'k', 'w']
817	a_ri_	['a', 'u', 'e', 'o', 'i', 'r', 'y', 'c', 'p', 'h', 'q']
818	a_ri_e	['a', 'u', 'e', 'o', 'i', 'r', 'y', 'c', 'p', 'd', 'm', 't']
819	abris	['a', 'u', 'e', 'o', 'i', 'r', 'y', 'c', 'p', 'w', 'b', 's']
820	a_rist_e	['a', 'u', 'e', 'o', 'i', 'n', 'r', 's', 't', 'y', 'c', 'p', 'v', 'z']
821	a_r_a__	['a', 'r', 'i', 'e', 't', 's', 'm', 'l', 'n', 'd']
822	a_road	['a', 'r', 'i', 'e', 't', 's', 'm', 'l', 'n', 'd', 'o', 'u']
823	a_rocoma	['a', 'u', 'e', 'o', 'r', 'n', 'l', 't', 's', 'm', 'c', 'i', 'y']
824	a_rocome	['a', 'u', 'e', 'o', 'r', 'n', 'l', 't', 's', 'm', 'c', 'i', 'y', 'p']
825	abro_able	['a', 'n', 'r', 'e', 'l', 'i', 's', 'u', 't', 'b', 'm', 'h', 'o', 'c']
826	a_ro_ate	['a', 'r', 'e', 'm', 'l', 'i', 'h', 'o', 'n', 't', 's', 'c', 'd']
827	a_ro_ated	['a', 'n', 'r', 'e', 'l', 't', 'm', 'i', 'h', 'o', 's', 'c', 'd', 'w']
828	a_ro_ates	['a', 'n', 'r', 'e', 'l', 't', 'm', 'i', 'h', 'o', 's', 'c', 'd', 'w']
829	a_ro_atin_	['a', 'n', 'i', 'r', 'l', 't', 'e', 'm', 'h', 'o', 's', 'c', 'd', 'w']
830	a_ro_ation	['a', 'n', 'r', 'e', 'l', 'm', 'i', 't', 'h', 'o', 's', 'c', 'd', 'w']
831	a_rogations	['a', 'n', 'i', 'r', 'l', 't', 'e', 'o', 'm', 's', 'c', 'd', 'w', 'g', 'u', 'y']
832	a_ro_ati_e	['a', 'n', 'r', 'e', 'l', 'm', 'i', 't', 'h', 'o', 's', 'c', 'd', 'w']
833	a_ro_ator	['a', 'n', 'r', 'e', 'l', 'm', 'i', 't', 'h', 'o', 's', 'c']
834	a_ro_ators	['a', 'n', 'r', 'e', 'l', 'm', 'i', 't', 'o', 's', 'c', 'd', 'w']
835	abro_a	['a', 'u', 'e', 'o', 'r', 'i', 'y', 'c', 'p', 'b', 'g', 'q']
836	abronia	['a', 'u', 'e', 'o', 'n', 'r', 'i', 'y', 'c', 'p', 'b']
837	a_roo_	['a', 'u', 'e', 'o', 'r', 'i', 'y', 'c', 'p', 'w', 'k']
838	a_rook	['a', 'u', 'e', 'o', 'r', 'i', 'y', 'c', 'p', 'k', 'z', 'v']
839	a_rosia	['a', 'u', 'e', 'o', 'n', 'r', 'l', 's', 'i', 'y', 'c', 'p', 'q']
840	a_rosias	['a', 'r', 'e', 'm', 'l', 'i', 'o', 'n', 't', 's', 'u', 'y', 'c']
841	a_rotanum	['a', 'n', 'r', 'e', 'm', 'l', 'i', 'h', 'o', 't', 'u', 'y', 'c', 'p', 'v']
842	a_rotin	['a', 'u', 'e', 'o', 'n', 'r', 'l', 's', 'm', 't', 'i', 'y', 'c', 'p']
843	a_rotine	['a', 'u', 'e', 'o', 'n', 'i', 'r', 'l', 't', 'y', 'c', 'p', 'g', 'h', 'x']
844	a_rup_	['a', 'u', 'o', 'r', 'e', 'i', 'y', 'c', 'p', 'w', 'd', 'z']
845	abruptedly	['a', 'u', 'r', 'n', 's', 'l', 'e', 'i', 'o', 't', 'c', 'p', 'd', 'y', 'z', 'b']
846	a_rupter	['a', 'u', 'r', 'n', 's', 'l', 't', 'e', 'i', 'c', 'o', 'p', 'y', 'f']
847	a_ruptest	['a', 'u', 'r', 'n', 's', 'e', 'l', 't', 'i', 'c', 'o', 'p', 'y', 'h', 'm']
848	a_ruptio	['a', 'u', 'r', 'n', 's', 'l', 't', 'e', 'i', 'c', 'o', 'p', 'y', 'j', 'm']
849	abruption	['a', 'u', 'r', 'n', 's', 'l', 't', 'e', 'i', 'c', 'o', 'p', 'y', 'w', 'g', 'b']
850	a_ruptiones	['a', 'u', 'r', 'n', 'i', 'e', 'o', 'l', 't', 's', 'c', 'p', 'y', 'd', 'g', 'z', 'j', 'h']
851	a_ruptly	['a', 'u', 'r', 'n', 's', 'l', 'e', 'i', 'o', 't', 'c', 'p', 'y', 'j', 'v']
852	a_ruptness	['a', 'u', 'r', 'n', 'i', 'o', 'e', 's', 'l', 't', 'c', 'p', 'y', 'z', 'f', 'j']
853	a_ru_	['a', 'u', 'o', 'r', 'e', 'i', 'y', 'c', 'p', 'x', 'g']
854	a__	['a', 'u', 'e', 'o', 'i', 'y', 'c', 'p', 'g']
855	a_sal_m	['a', 'n', 'r', 'l', 'm', 'h', 't', 'c', 'i', 's', 'u', 'e']
856	absampere	['a', 'n', 'r', 'e', 'l', 'm', 'i', 'b', 'p', 'o', 'h', 's']
857	a__aro_a	['a', 'n', 'r', 'e', 'm', 'l', 'i', 'h', 'o', 't', 'c']
858	a_sarokite	['a', 'n', 'r', 'e', 'm', 'l', 'i', 'h', 'o', 't', 's', 'd', 'v', 'u', 'k', 'y']
859	a_scam	['a', 'r', 'm', 'l', 'h', 't', 'n', 'c', 'i', 's', 'u', 'e']
860	a_s_ess	['a', 'u', 'e', 'r', 'l', 't', 'n', 'd', 'h', 's', 'i']
861	a_scesse_	['a', 'u', 'e', 'r', 'n', 'l', 's', 't', 'h', 'i', 'c', 'o']
862	a_scesses	['a', 'u', 'e', 'r', 'n', 'l', 's', 't', 'h', 'i', 'c', 'o']
863	a_scessin_	['a', 'u', 'e', 'r', 'n', 'i', 'l', 's', 't', 'h', 'c', 'o', 'y', 'p']
864	a_scession	['a', 'u', 'e', 'r', 'n', 'l', 's', 't', 'h', 'i', 'c', 'o', 'y', 'p', 'q']
865	acanthocar_o_s	['a', 'n', 'r', 'e', 'm', 'l', 'i', 'g', 'h', 's', 'c', 't', 'o', 'd', 'b', 'k']
866	acanthocephala	['a', 'n', 'r', 'm', 'l', 'e', 's', 't', 'h', 'c', 'i', 'o', 'd', 'p']
867	acanthocephalan	['a', 'r', 'n', 'l', 'm', 'e', 's', 't', 'h', 'c', 'i', 'o', 'd', 'p']
868	acanthocephali	['a', 'n', 'r', 'm', 'l', 'e', 's', 't', 'h', 'c', 'i', 'o', 'd', 'p']
869	acanthocephalous	['a', 'n', 'r', 'l', 'm', 'e', 's', 't', 'i', 'h', 'c', 'o', 'd', 'p', 'u']
870	acanthocereus	['a', 'n', 'e', 'r', 'l', 't', 'i', 'd', 'h', 's', 'm', 'b', 'g', 'v', 'o', 'c', 'u']
871	acanthocladous	['a', 'n', 'r', 'l', 'e', 't', 'i', 's', 'm', 'o', 'c', 'h', 'd', 'u']
872	acanthodea	['a', 'n', 'e', 'r', 'l', 't', 'i', 'd', 'o', 'h', 'u', 'y', 'c']
873	acanthodean	['a', 'n', 'r', 'm', 'l', 'e', 't', 'i', 'd', 'o', 'h', 'u', 'y', 'c']
874	acanthodei	['a', 'n', 'e', 'r', 'l', 't', 'i', 'd', 'o', 'h', 'u', 'y', 'c']
875	acanthode_	['a', 'n', 'e', 'r', 'l', 't', 'i', 'd', 'o', 'h', 'u', 'y', 'c', 'p', 'f', 'x']
876	acanthodian	['a', 'n', 'r', 'm', 'l', 'e', 'g', 'h', 's', 'c', 't', 'i', 'd', 'o']
877	acanthodidae	['a', 'n', 'r', 'm', 'l', 'e', 'g', 'h', 's', 'c', 't', 'i', 'd', 'o']
878	a_anthodii	['a', 'n', 'e', 'g', 'i', 'r', 'l', 't', 'o', 's', 'h', 'm', 'd', 'u', 'y']
879	a_anthodini	['a', 'n', 'i', 'r', 'e', 'l', 'g', 't', 'o', 's', 'h', 'm', 'd', 'u', 'y']
880	acanthoi_	['a', 'n', 'e', 'g', 'i', 'r', 'l', 't', 'o', 'h', 'u', 'y', 'c', 'p', 'z']
881	acantholimon	['a', 'n', 'e', 'g', 'i', 'r', 'l', 's', 'c', 'd', 't', 'o', 'h', 'm']
882	acantholysis	['a', 'n', 'e', 'g', 'i', 'r', 'l', 't', 'o', 'h', 'd', 's', 'u', 'y', 'c']
883	acanthology	['a', 'n', 'e', 'g', 'i', 'd', 't', 'o', 'r', 'l', 'h', 'u', 'y', 'c']
884	acantholo_ical	['a', 'n', 'r', 'm', 'l', 'e', 'i', 't', 's', 'c', 'o', 'h', 'd', 'v', 'u', 'k']
885	acantho_a	['a', 'n', 'e', 'g', 'i', 'd', 't', 'o', 'r', 'h', 'u', 'y', 'c', 'p']
886	acanthoma_	['a', 'n', 'r', 'm', 'e', 'g', 'i', 'd', 't', 'o', 'h', 'u', 'y', 'c', 'p']
887	acanthomeridae	['a', 'n', 'r', 'e', 'm', 'l', 'i', 't', 's', 'c', 'd', 'o', 'h']
888	acanthon	['a', 'n', 'e', 'g', 'i', 'd', 't', 'o', 'r', 'h', 'u', 'y', 'c']
889	acanth__ana_	['a', 'r', 'n', 'm', 'l', 'e', 'g', 'h', 's', 'c', 't', 'i', 'b']
890	acanthophis	['a', 'n', 'e', 'g', 'i', 'r', 'l', 't', 'o', 'h', 's', 'c', 'p']
891	acanthophorous	['a', 'n', 'e', 'g', 'i', 'd', 't', 'o', 'r', 'h', 's', 'c', 'p', 'u']
892	acanthopod	['a', 'n', 'e', 'g', 'i', 'd', 't', 'o', 'r', 'l', 'h', 's', 'm', 'c', 'p']
893	acanthopodous	['a', 'n', 'e', 'g', 'i', 'd', 't', 'o', 'r', 'l', 'h', 's', 'm', 'c', 'p', 'u']
894	acanthopomatous	['a', 'n', 'r', 'l', 'm', 'e', 't', 'i', 'o', 'h', 's', 'c', 'd', 'p', 'u']
895	acanthopore	['a', 'n', 'e', 'g', 'i', 'd', 't', 'o', 'r', 'l', 'h', 's', 'm', 'c', 'p']
896	acanthopteran	['a', 'n', 'r', 'e', 'l', 't', 's', 'i', 'o', 'h', 'u', 'c', 'p']
897	acanthopteri	['a', 'n', 'e', 'r', 'l', 't', 's', 'i', 'o', 'h', 'u', 'c', 'p']
898	acanthopter__ian	['a', 'n', 'r', 'e', 'm', 'l', 'i', 't', 's', 'o', 'h', 'u', 'c', 'p', 'd', 'k', 'v', 'b']
899	acanthopter__ii	['a', 'n', 'e', 'r', 'l', 'i', 't', 's', 'o', 'h', 'u', 'c', 'p', 'd', 'm', 'k', 'v', 'b']
900	acanthopterous	['a', 'n', 'e', 'r', 'l', 'i', 't', 's', 'o', 'h', 'u', 'c', 'p']
901	acanthoses	['a', 'n', 'e', 'r', 'l', 't', 'i', 'd', 'h', 's', 'o', 'u', 'y', 'c']
902	acanthosis	['a', 'n', 'e', 'g', 'i', 'r', 'l', 't', 'o', 's', 'h', 'u', 'y', 'c']
903	acanthotic	['a', 'n', 'e', 'g', 'i', 'r', 'l', 't', 's', 'o', 'h', 'u', 'y', 'c']
904	acanthou_	['a', 'n', 'e', 'g', 'i', 'd', 't', 'o', 'r', 'h', 'u', 'y', 'c', 'p', 'q']
905	acanthuridae	['a', 'n', 'r', 'e', 'm', 'l', 'i', 't', 's', 'c', 'd', 'o', 'u', 'h']
906	acanthuru_	['a', 'n', 'e', 'g', 'i', 'd', 't', 'o', 'r', 'u', 'h', 'y', 'c', 'p', 'v']
907	acanthu_	['a', 'n', 'e', 'g', 'i', 'd', 't', 'o', 'r', 'h', 'u', 'y', 'c', 'p']
908	acanthuses	['a', 'n', 'e', 'r', 'l', 't', 'i', 'd', 'h', 's', 'o', 'u', 'y', 'c']
909	acanthuthi	['a', 'n', 'e', 'g', 'i', 'd', 't', 's', 'o', 'r', 'h', 'u', 'y', 'c']
910	a_a_nia	['a', 'n', 'i', 'r', 'e', 'u', 'o', 's', 'y', 'g', 't']
911	a_a_nia_	['a', 'n', 'i', 'r', 'e', 'u', 'o', 's', 'y', 'g', 't']
912	a_a_nias	['a', 'n', 'i', 'r', 'e', 'u', 'o', 's', 'y', 'g', 't', 'l']
913	a_a__ella	['a', 'n', 'r', 'l', 't', 'e', 'd', 's', 'h', 'm', 'i']
914	a_a_sular	['a', 'n', 'r', 'l', 't', 'e', 's', 'i', 'o', 'u', 'd', 'm', 'y']
915	acapu	['a', 'u', 'e', 'o', 'i', 'y', 'c', 'p']
916	aca__lco	['a', 'n', 'r', 'l', 't', 'e', 's', 'i', 'm', 'o', 'c', 'd']
917	aca_a	['a', 'u', 'e', 'o', 'i', 'y', 'c', 'p', 'x', 'g']
918	acara_is	['a', 'r', 'n', 'l', 't', 's', 'm', 'c', 'd', 'i', 'k', 'h', 'v']
919	acarari	['a', 'r', 'u', 'e', 'o', 'i', 'y', 'c']
920	acardia	['a', 'n', 'r', 'e', 'i', 't', 's', 'd', 'u', 'o', 'y', 'c']
921	a_ardia_	['a', 'n', 'r', 'e', 'm', 'l', 'i', 't', 's', 'd', 'u', 'o']
922	acardite	['a', 'n', 'r', 'e', 'i', 't', 's', 'd', 'u', 'o', 'y', 'c']
923	aca_i	['a', 'u', 'e', 'o', 'i', 'y', 'c', 'p', 'q', 'm', 'w']
924	acarian	['a', 'n', 'r', 'i', 'u', 'e', 'o', 'y', 'c']
925	acariasis	['a', 'n', 'r', 'i', 'l', 't', 's', 'u', 'e', 'o', 'y', 'c']
926	acariatre	['a', 'n', 'r', 'i', 't', 'u', 'e', 'o', 'y', 'c']
927	acaricidal	['a', 'n', 'r', 'e', 'm', 'l', 'i', 't', 's', 'c', 'd']
928	acaricide	['a', 'n', 'r', 'e', 'i', 'l', 't', 's', 'd', 'm', 'c']
929	acari_	['a', 'n', 'r', 'u', 'e', 'o', 'i', 'y', 'c', 'p', 's', 'q']
930	acari_a	['a', 'n', 'r', 'e', 'i', 'u', 'o', 'y', 'c', 'p', 't', 'v']
931	acaridae	['a', 'n', 'r', 'e', 'm', 'l', 'i', 't', 's', 'c', 'd']
932	acaridan	['a', 'n', 'r', 'e', 'm', 'l', 'i', 't', 's', 'c', 'd']
933	acaridans	['a', 'n', 'r', 'e', 'm', 'l', 'i', 't', 's', 'c', 'd']
934	acaridea	['a', 'n', 'r', 'e', 'l', 'i', 't', 's', 'd', 'u', 'o', 'y', 'c']
935	acaridean	['a', 'n', 'r', 'e', 'l', 'i', 't', 's', 'd', 'u', 'o', 'y', 'c']
936	acaridomatia	['a', 'n', 'r', 'e', 'l', 'm', 'i', 't', 's', 'c', 'o', 'd']
937	acaridomatium	['a', 'n', 'r', 'e', 'l', 'm', 'i', 't', 's', 'c', 'o', 'd', 'u']
938	acari__	['a', 'n', 'r', 'e', 'i', 'u', 'o', 'y', 'c', 'p', 'm', 'x']
939	acari_orm	['a', 'n', 'r', 'e', 'i', 'o', 'c', 'l', 't', 's', 'm', 'd', 'g', 'k']
940	acarina	['a', 'n', 'i', 'r', 'u', 'e', 'o', 'y', 'c']
941	acarine	['a', 'n', 'i', 'r', 'u', 'e', 'o', 'y', 'c']
942	acarine_	['a', 'n', 'i', 'r', 'u', 'e', 'o', 'y', 'c', 'p', 'h', 'z', 'j', 'l']
943	a_arinosis	['a', 'n', 'i', 'r', 'e', 'l', 'g', 't', 'd', 'h', 's', 'o', 'u', 'y']
944	acarocecidia	['a', 'n', 'r', 'e', 'l', 'i', 's', 't', 'd', 'm', 'c', 'o']
945	acarocecidium	['a', 'n', 'r', 'e', 'l', 'i', 's', 't', 'd', 'm', 'c', 'o', 'u']
946	acarodermatitis	['a', 'n', 'r', 'i', 'l', 't', 'e', 's', 'm', 'o', 'd', 'u', 'y', 'c']
947	acaroid	['a', 'n', 'r', 'e', 'i', 't', 's', 'd', 'l', 'o', 'u', 'y', 'c']
948	acaro_	['a', 'n', 'r', 'u', 'e', 'o', 'i', 'y', 'c', 'p', 'm', 'g']
949	acarology	['a', 'n', 'r', 'e', 'i', 'o', 'l', 'u', 'y', 'c', 'p', 'g']
950	acarolo_ist	['a', 'n', 'r', 'e', 'i', 'l', 'o', 't', 's', 'm', 'd', 'v', 'u', 'k', 'c', 'w']
951	acarophilous	['a', 'n', 'r', 'e', 'i', 'l', 'o', 't', 'h', 's', 'c', 'g', 'p', 'u']
952	a_aro__o_ia	['a', 'n', 'r', 'e', 'i', 'l', 'o', 't', 's', 'm', 'd', 'v']
953	a_aroto_i_	['a', 'n', 'r', 'e', 'i', 'l', 'o', 't', 's', 'm', 'd', 'v', 'u']
954	acar_ello_s	['a', 'n', 'r', 'e', 'i', 't', 's', 'd', 'l', 'm', 'o', 'g', 'c', 'b', 'k']
955	acar_elo_s	['a', 'n', 'r', 'e', 'i', 't', 's', 'd', 'l', 'm', 'o', 'g', 'c', 'b', 'k']
956	acar_o_s	['a', 'n', 'r', 'e', 'i', 'o', 't', 's', 'c', 'd', 'l', 'm', 'b']
957	acaru_	['a', 'n', 'r', 'u', 'e', 'o', 'i', 'y', 'c', 'p', 'd', 'f']
958	aca__	['a', 'u', 'e', 'o', 'i', 'y', 'c', 'p', 'v', 'm']
959	acastus	['a', 'n', 'r', 'l', 't', 's', 'u', 'e', 'o', 'i', 'y', 'c']
960	acatalectic	['a', 'r', 'n', 'l', 't', 'e', 's', 'i', 'c']
961	acatalepsy	['a', 'r', 'n', 'l', 't', 'e', 's', 'i', 'd', 'o', 'u', 'm', 'y', 'c', 'p']
962	acatalepsia	['a', 'r', 'n', 'l', 't', 'e', 's', 'i', 'd', 'o', 'u', 'm', 'y', 'c', 'p']
963	acataleptic	['a', 'r', 'n', 'l', 't', 'e', 's', 'i', 'c', 'o', 'u', 'd', 'p']
964	acatallactic	['a', 'r', 'n', 'l', 't', 's', 'i', 'e', 'c']
965	acatamathesia	['a', 'r', 'n', 'l', 't', 'm', 'e', 'i', 's', 'h', 'u', 'o', 'y', 'c']
966	acataphas_a	['a', 'r', 'n', 'l', 't', 'm', 'h', 'c', 's', 'g', 'k', 'p', 'u', 'e']
967	acata_osis	['a', 'r', 'n', 'l', 't', 's', 'e', 'i', 'm', 'c', 'd', 'o', 'b', 'k']
968	acatastasia	['a', 'r', 'n', 'l', 't', 's', 'u', 'e', 'o', 'i', 'y', 'c']
969	acatastatic	['a', 'r', 'n', 'l', 't', 's', 'u', 'e', 'o', 'i', 'y', 'c']
970	aca_e	['a', 'u', 'e', 'o', 'i', 'y', 'c', 'p', 'w', 'f', 'z']
971	acategorical	['a', 'n', 'r', 'e', 'l', 't', 'm', 'i', 's', 'c', 'o', 'd', 'b', 'p', 'h', 'g']
972	acater	['a', 'n', 'r', 'l', 't', 'u', 'e', 'o', 'i', 'y', 'c']
973	acatery	['a', 'n', 'r', 'e', 'l', 't', 'u', 'o', 'i', 'y', 'c']
974	acate_	['a', 'n', 'r', 'l', 't', 'u', 'e', 'o', 'i', 'y', 'c', 'p']
975	acathar_y	['a', 'n', 'r', 'l', 'm', 't', 'i', 'h', 'u', 'e', 'o', 'y', 'c', 'p']
976	acatharsia	['a', 'n', 'r', 'e', 'l', 'm', 'i', 't', 'h', 's', 'u', 'o', 'y', 'c']
977	acatholic	['a', 'n', 'r', 'l', 't', 'e', 'i', 'o', 'h', 'u', 'y', 'c']
978	aca__al	['a', 'n', 'r', 'l', 'm', 't', 'h', 's', 'c', 'i', 'b']
979	aca__at_	['a', 'n', 'r', 'l', 'm', 't', 'h', 's', 'c', 'i', 'b']
980	acaudelescent	['a', 'n', 'i', 'r', 'o', 'e', 'l', 's', 't', 'h', 'c', 'd', 'u']
981	acaulescence	['a', 'n', 'i', 'r', 'o', 'e', 'l', 's', 't', 'h', 'c', 'u']
982	acaulescent	['a', 'n', 'i', 'r', 'o', 'e', 'l', 's', 't', 'h', 'c', 'u']
983	acauline	['a', 'n', 'i', 'r', 'l', 'e', 's', 'u', 'o', 'y', 'c']
984	acaulose	['a', 'n', 'r', 'l', 'i', 'e', 's', 'o', 'u', 'y', 'c']
985	acaulous	['a', 'n', 'r', 'l', 'i', 'e', 's', 'u', 'o', 'y', 'c']
986	acc	['a', 'u', 'e', 'o', 'i', 'y', 'c']
987	acca	['a', 'u', 'e', 'o', 'i', 'y', 'c']
988	a__able	['a', 'n', 'r', 'l', 'i', 'e', 's', 'u', 't', 'b', 'm', 'h']
989	accadem_a	['a', 'n', 'r', 'l', 'm', 't', 'h', 's', 'c', 'd', 'e', 'u', 'o']
990	accadian	['a', 'n', 'r', 'l', 'm', 't', 'h', 's', 'c', 'i', 'd']
991	acce	['a', 'u', 'e', 'o', 'i', 'y', 'c']
992	a__ede	['a', 'u', 'e', 'r', 'l', 't', 'n', 'd', 'h', 's', 'm']
993	a__eded	['a', 'u', 'e', 'r', 'n', 'l', 's', 't', 'd', 'h', 'm']
994	a__eden_e	['a', 'u', 'e', 'r', 'n', 'l', 's', 't', 'd', 'h', 'm', 'i']
995	a__eder	['a', 'u', 'e', 'r', 'n', 'l', 's', 't', 'd', 'h', 'm', 'i']
996	a__eders	['a', 'u', 'e', 'r', 'n', 'l', 's', 't', 'd', 'h', 'm', 'i', 'b']
997	a__edes	['a', 'u', 'e', 'r', 'n', 'l', 's', 't', 'd', 'h', 'm', 'i']
998	a__edin_	['a', 'u', 'e', 'r', 'n', 'i', 'l', 's', 't', 'd', 'h', 'm', 'b']
999	a__el	['a', 'u', 'e', 'r', 'l', 't', 'n', 'd', 'h', 's', 'm']
1000	a__elerable	['a', 'n', 'r', 'e', 'l', 'i', 's', 'u', 't', 'b', 'd', 'h', 'm']
1001	a__elerand_	['a', 'n', 'r', 'e', 'l', 't', 'd', 'h', 's', 'm', 'i', 'b', 'g', 'v']
1002	a__elerant	['a', 'r', 'e', 'n', 'l', 't', 'd', 'h', 's', 'm', 'i', 'b', 'g', 'v']
1003	a__elerate	['a', 'r', 'e', 'n', 'l', 't', 'd', 'h', 's', 'm', 'i', 'b', 'g']
1004	a__elerated	['a', 'n', 'r', 'e', 'l', 't', 'd', 'h', 's', 'm', 'i', 'b', 'g', 'v']
1005	acceleratedly	['a', 'n', 'r', 'e', 'l', 't', 'i', 's', 'o', 'c', 'p', 'd', 'u', 'y']
1006	a__elerates	['a', 'n', 'r', 'e', 'l', 't', 'd', 'h', 's', 'm', 'i', 'b', 'g', 'v']
1007	a__elerating	['a', 'n', 'i', 'r', 'l', 'e', 't', 'd', 'h', 's', 'm', 'b', 'g', 'v', 'p', 'k']
1008	a__eleratingl_	['a', 'n', 'i', 'r', 'l', 'e', 't', 'o', 'g', 'd', 'h', 's', 'm', 'b', 'v', 'p']
1009	a__elerati_n	['a', 'n', 'r', 'e', 'l', 't', 'i', 'd', 'h', 's', 'm', 'b', 'g', 'v', 'p']
1010	a__elerations	['a', 'n', 'i', 'r', 'l', 'e', 't', 'o', 'd', 'h', 's', 'm', 'b', 'g', 'v', 'p', 'k']
1011	a__elerative	['a', 'n', 'r', 'e', 'l', 't', 'i', 'd', 'h', 's', 'm', 'b', 'g', 'v', 'p']
1012	a__elerat_r	['a', 'n', 'r', 'e', 'l', 't', 'd', 'h', 's', 'm', 'i', 'b', 'g']
1013	a__eleratorh	['a', 'n', 'r', 'e', 'l', 't', 'o', 'd', 'h', 's', 'm', 'i', 'b', 'g', 'v']
1014	a__elerator_	['a', 'n', 'r', 'e', 'l', 't', 'o', 'd', 'h', 's', 'm', 'i', 'b', 'g']
1015	a__elerators	['a', 'n', 'r', 'e', 'l', 't', 'o', 'd', 'h', 's', 'm', 'i', 'b', 'g', 'v']
1016	accelerograp_	['a', 'r', 'e', 'n', 'l', 'i', 't', 'o', 'u', 'p', 'c', 'd', 'g', 'y', 'k', 'z']
1017	a__elerometer	['a', 'u', 'e', 'r', 'n', 'l', 's', 't', 'i', 'o', 'm', 'd', 'h', 'b', 'g']
1018	a__elerometers	['a', 'u', 'e', 'r', 'n', 'l', 's', 't', 'i', 'o', 'm', 'd', 'h', 'b', 'g', 'v']
1019	a__end	['a', 'u', 'e', 'r', 'l', 't', 'n', 'd', 'h', 's', 'm', 'i']
1020	accendi_ilit_	['a', 'u', 'e', 'r', 'n', 'l', 't', 'i', 's', 'd', 'm', 'c', 'k', 'v', 'o', 'g']
1021	accendi_le	['a', 'u', 'e', 'r', 'n', 'l', 't', 'g', 'd', 'h', 'i', 'o', 's', 'c', 'p']
1022	a__ensed	['a', 'u', 'e', 'r', 'n', 't', 'd', 'g', 'i', 's', 'l', 'h', 'm']
1023	a__ensi_n	['a', 'u', 'e', 'r', 'n', 'l', 't', 'g', 'd', 'i', 's', 'h', 'm']
1024	a__ens_r	['a', 'u', 'e', 'r', 'n', 'l', 't', 'g', 'd', 'i', 'h', 's', 'm']
1025	a__ent	['a', 'u', 'e', 'r', 'l', 't', 'n', 'd', 'h', 's', 'm', 'i']
1026	a__ented	['a', 'u', 'e', 'r', 'n', 't', 'l', 'd', 'h', 's', 'm', 'i', 'b']
1027	a__entin_	['a', 'u', 'e', 'r', 'n', 'i', 't', 'l', 'd', 'h', 's', 'm', 'b']
1028	a__entless	['a', 'u', 'e', 'r', 'n', 'l', 'i', 'o', 'g', 's', 't', 'd', 'h', 'm']
1029	a__ent_r	['a', 'u', 'e', 'r', 'n', 'l', 't', 'd', 'h', 's', 'm', 'i', 'b']
1030	a__entors	['a', 'u', 'e', 'r', 'n', 'l', 't', 'o', 'd', 'h', 's', 'm', 'i', 'b', 'g']
1031	a__ents	['a', 'u', 'e', 'r', 'n', 'l', 't', 'd', 'h', 's', 'm', 'i', 'b']
1032	a__entuable	['a', 'n', 'i', 'r', 'o', 'e', 'l', 's', 'u', 'g', 't', 'b', 'd', 'h', 'm']
1033	accentual	['a', 'r', 'm', 'l', 'h', 't', 'i', 'e', 's', 'n', 'o', 'c', 'y', 'u']
1034	accentuality	['a', 'n', 'i', 'r', 'l', 'o', 'e', 'm', 't', 'h', 's', 'c', 'y', 'u']
1035	accentually	['a', 'n', 'i', 'r', 'o', 'e', 'l', 'm', 't', 'h', 's', 'c', 'y', 'u']
1036	accent_ate	['a', 'r', 'm', 'l', 'h', 't', 'i', 'e', 's', 'n', 'o', 'c', 'y']
1037	accent_ate_	['a', 'n', 'i', 'r', 'o', 'e', 'l', 't', 'h', 's', 'm', 'c', 'y']
1038	accentuates	['a', 'n', 'i', 'r', 'o', 'e', 'l', 't', 'h', 's', 'm', 'c', 'y', 'u']
1039	accentuatin_	['a', 'n', 'i', 'r', 'l', 't', 'h', 'e', 's', 'o', 'm', 'c', 'y', 'u', 'p']
1040	accentuation	['a', 'n', 'i', 'r', 'l', 't', 'h', 'e', 's', 'o', 'm', 'c', 'y', 'u']
1041	accentuator	['a', 'n', 'i', 'r', 'o', 'l', 't', 'h', 'e', 's', 'm', 'c', 'y', 'u']
1042	a__entus	['a', 'u', 'o', 'r', 'h', 's', 'l', 't', 'e', 'n', 'd', 'm', 'i', 'b']
1043	a__e_t	['a', 'u', 'e', 'r', 'l', 't', 'n', 'd', 'h', 's', 'm']
1044	acce_ta_ilit_	['a', 'n', 'r', 'l', 'm', 'e', 's', 't', 'i', 'd', 'k', 'h', 'c', 'v']
1045	acceptable	['a', 'n', 'r', 'l', 'i', 'e', 's', 'u', 't', 'b', 'c', 'o', 'd', 'p']
1046	acceptableness	['a', 'n', 'i', 'r', 'o', 'e', 'l', 's', 'u', 't', 'b', 'c', 'd', 'p']
1047	acceptably	['a', 'n', 'r', 'l', 'i', 'e', 's', 'u', 't', 'b', 'c', 'o', 'd', 'p', 'y']
1048	acce_tance	['a', 'n', 'r', 'm', 'l', 'h', 't', 's', 'e', 'i', 'c', 'o', 'u']
1049	acce_tances	['a', 'n', 'r', 'm', 'l', 'e', 't', 's', 'd', 'g', 'i', 'c', 'o', 'u']
1050	acce_tanc_	['a', 'n', 'r', 'm', 'l', 'h', 't', 's', 'e', 'i', 'c', 'o', 'u']
1051	acce_tancies	['a', 'n', 'r', 'm', 'l', 'e', 's', 't', 'i', 'd', 'g', 'k', 'c', 'o', 'u']
1052	acce_tant	['a', 'r', 'm', 'l', 'h', 't', 's', 'e', 'n', 'i', 'c', 'o', 'u']
1053	acceptation	['a', 'n', 'r', 'l', 'm', 't', 'e', 's', 'i', 'c', 'o', 'u', 'd', 'p']
1054	a__e_ta_it	['a', 'n', 'r', 'l', 'm', 't', 's', 'e', 'i', 'd', 'k', 'h']
1055	accepted	['a', 'u', 'e', 'r', 'n', 'l', 's', 't', 'i', 'c', 'o', 'd', 'p']
1056	acceptedly	['a', 'u', 'e', 'r', 'n', 'l', 'i', 's', 'o', 't', 'c', 'p', 'd', 'y']
1057	acce_tee	['a', 'u', 'e', 'r', 'n', 'l', 's', 't', 'i', 'c', 'o', 'd']
1058	acceptees	['a', 'u', 'e', 'r', 'n', 'l', 's', 't', 'i', 'c', 'o', 'd', 'p']
1059	accepter	['a', 'u', 'e', 'r', 'n', 'l', 's', 't', 'i', 'c', 'o', 'd', 'p']
1060	accepters	['a', 'u', 'e', 'r', 'n', 'l', 's', 't', 'i', 'c', 'o', 'd', 'p']
1061	acceptilate	['a', 'r', 'm', 'l', 'e', 'n', 's', 't', 'i', 'c', 'o', 'u', 'd', 'p']
1062	acceptilated	['a', 'n', 'r', 'l', 't', 'e', 's', 'i', 'c', 'o', 'u', 'd', 'p']
1063	acceptilating	['a', 'n', 'i', 'r', 'l', 't', 's', 'e', 'c', 'o', 'u', 'd', 'p', 'y', 'f', 'g']
1064	acceptilation	['a', 'n', 'r', 'l', 't', 'e', 's', 'i', 'c', 'o', 'u', 'd', 'p']
1065	acceptin_	['a', 'u', 'e', 'r', 'n', 'i', 'l', 's', 't', 'c', 'o', 'd', 'p', 'y', 'z']
1066	acceptingly	['a', 'u', 'e', 'r', 'n', 'i', 'l', 'o', 'g', 's', 't', 'c', 'd', 'p', 'y']
1067	acceptingness	['a', 'u', 'e', 'r', 'n', 'i', 'o', 'g', 'l', 's', 't', 'c', 'd', 'p']
1068	acception	['a', 'u', 'e', 'r', 'n', 'l', 's', 't', 'i', 'c', 'o', 'd', 'p']
1069	accepti_e	['a', 'u', 'e', 'r', 'n', 'l', 's', 't', 'i', 'c', 'o', 'd', 'p', 'y']
1070	acceptor	['a', 'u', 'e', 'r', 'n', 'l', 's', 't', 'i', 'c', 'o', 'd', 'p']
1071	acceptors	['a', 'u', 'e', 'r', 'n', 'l', 's', 't', 'o', 'i', 'c', 'd', 'p']
1072	acceptress	['a', 'u', 'e', 'r', 'n', 'l', 's', 't', 'i', 'c', 'o', 'd', 'p']
1073	accepts	['a', 'u', 'e', 'r', 'n', 'l', 's', 't', 'i', 'c', 'o', 'd', 'p']
1074	a__erse	['a', 'u', 'e', 'r', 'l', 't', 'n', 'd', 'h', 's', 'm', 'i']
1075	a__ersiti_n	['a', 'u', 'e', 'r', 'l', 'i', 'n', 't', 's', 'd', 'h', 'm', 'b', 'g', 'v']
1076	a__ersit_r	['a', 'u', 'e', 'r', 'l', 'i', 't', 's', 'n', 'd', 'h', 'm', 'b', 'g']
1077	a__ess	['a', 'u', 'e', 'r', 'l', 't', 'n', 'd', 'h', 's', 'm']
1078	accessabilit_	['a', 'n', 'r', 'l', 'm', 'e', 's', 't', 'i', 'd', 'k', 'h', 'c', 'v', 'b', 'u']
1079	a__essable	['a', 'n', 'r', 'l', 'i', 'e', 's', 'u', 't', 'b', 'd', 'h', 'm']
1080	accessar_	['a', 'r', 'm', 'l', 'h', 't', 'n', 'c', 'o', 'i', 's', 'e', 'u']
1081	a__essaries	['a', 'n', 'r', 'e', 'i', 'm', 'l', 's', 't', 'd', 'h', 'b', 'g']
1082	a__essaril_	['a', 'n', 'r', 'e', 'm', 'l', 'i', 's', 't', 'd', 'h', 'b', 'g', 'v']
1083	a__essariness	['a', 'n', 'i', 'r', 'm', 'l', 'e', 's', 't', 'd', 'h', 'b', 'g', 'v']
1084	a__essaryshi_	['a', 'n', 'r', 'e', 'm', 'l', 'i', 's', 't', 'o', 'h', 'u', 'd', 'y', 'b']
1085	a__essed	['a', 'u', 'e', 'r', 'n', 'l', 's', 't', 'd', 'h', 'm', 'i']
1086	a__esses	['a', 'u', 'e', 'r', 'n', 'l', 's', 't', 'd', 'h', 'm']
1087	accessi_ilit_	['a', 'u', 'e', 'r', 'n', 'l', 's', 't', 'i', 'd', 'm', 'c', 'k', 'v', 'o']
1088	accessi_le	['a', 'u', 'e', 'r', 'n', 'l', 's', 't', 'd', 'h', 'i', 'o', 'c', 'g']
1089	accessi_leness	['a', 'u', 'e', 'r', 'n', 'l', 's', 't', 'd', 'h', 'i', 'o', 'c', 'g', 'p']
1090	accessi_l_	['a', 'u', 'e', 'r', 'n', 'l', 's', 't', 'd', 'h', 'i', 'o', 'c', 'g']
1091	a__essin_	['a', 'u', 'e', 'r', 'n', 'i', 'l', 's', 't', 'd', 'h', 'm', 'b']
1092	a__essi_n	['a', 'u', 'e', 'r', 'n', 'l', 's', 't', 'd', 'h', 'm', 'i', 'b']
1093	a__essional	['a', 'r', 'm', 'l', 'h', 't', 'n', 'i', 'e', 'o', 's', 'd', 'b', 'g', 'v']
1094	a__essioned	['a', 'u', 'e', 'r', 'n', 'i', 'o', 'l', 's', 't', 'd', 'h', 'm', 'b', 'g']
1095	a__essioner	['a', 'u', 'e', 'r', 'n', 'i', 'o', 'l', 's', 't', 'd', 'h', 'm', 'b', 'g']
1096	a__essionin_	['a', 'u', 'e', 'r', 'n', 'i', 'o', 'l', 's', 't', 'd', 'h', 'm', 'b']
1097	a__essions	['a', 'u', 'e', 'r', 'n', 'i', 'o', 'l', 's', 't', 'd', 'h', 'm', 'b']
1098	a__essit	['a', 'u', 'e', 'r', 'n', 'l', 's', 't', 'd', 'h', 'm', 'i', 'b']
1099	a__ess__e	['a', 'u', 'e', 'r', 'n', 'l', 's', 't', 'd', 'h', 'm']
1100	accessi_el_	['a', 'u', 'e', 'r', 'n', 'l', 's', 't', 'd', 'h', 'm', 'i', 'c', 'g']
1101	a__essless	['a', 'u', 'e', 'r', 'n', 'l', 's', 't', 'd', 'h', 'm', 'i']
1102	a__ess_r	['a', 'u', 'e', 'r', 'n', 'l', 's', 't', 'd', 'h', 'm', 'i']
1103	a__essor_	['a', 'u', 'e', 'r', 'n', 'l', 's', 't', 'o', 'd', 'h', 'm', 'i']
1104	a__essorial	['a', 'r', 'i', 'e', 'n', 'l', 's', 't', 'o', 'd', 'h', 'm', 'b', 'g', 'v']
1105	a__essories	['a', 'u', 'e', 'r', 'i', 'n', 'l', 's', 't', 'o', 'd', 'h', 'm', 'b']
1106	a__essorii	['a', 'u', 'e', 'r', 'n', 'l', 's', 't', 'o', 'd', 'h', 'm', 'i', 'b']
1107	a__essoril_	['a', 'u', 'e', 'r', 'n', 'l', 'i', 's', 't', 'o', 'd', 'h', 'm', 'b', 'g']
1108	a__essoriness	['a', 'u', 'e', 'r', 'n', 'i', 'l', 's', 't', 'o', 'd', 'h', 'm', 'b', 'g']
1109	a__essorius	['a', 'u', 'o', 'n', 'r', 's', 'e', 't', 'i', 'l', 'd', 'h', 'm', 'b', 'g']
1110	a__essoriusorii	['a', 'u', 'r', 'o', 'n', 'l', 't', 's', 'e', 'i', 'd', 'h', 'm', 'b', 'g']
1111	a__essori_e	['a', 'u', 'e', 'r', 'n', 'l', 'i', 's', 't', 'o', 'd', 'h', 'm', 'b']
1112	accessori_ed	['a', 'u', 'e', 'r', 'n', 'l', 'i', 't', 's', 'o', 'd', 'c', 'm', 'g', 'v', 'k']
1113	accessori_ing	['a', 'u', 'e', 'r', 'n', 'i', 'l', 't', 's', 'o', 'd', 'm', 'c', 'k', 'v', 'g', 'b']
1114	a__essors	['a', 'u', 'e', 'r', 'n', 'l', 's', 't', 'o', 'd', 'h', 'm', 'i']
1115	acciaccatura	['a', 'n', 'r', 'e', 'l', 'm', 't', 'o', 'i', 'u', 'h', 's', 'c']
1116	acciaccaturas	['a', 'n', 'r', 'e', 'l', 'm', 't', 'o', 'i', 'u', 'h', 's', 'c']
1117	acciaccature	['a', 'n', 'r', 'e', 'l', 'm', 't', 'o', 'i', 'u', 'h', 's', 'c']
1118	a__iden_e	['a', 'u', 'e', 'r', 'n', 'l', 't', 'd', 'i', 'h', 's', 'm', 'k']
1119	a__iden__	['a', 'u', 'e', 'r', 'n', 'l', 't', 'd', 'i', 'h', 's', 'm', 'k']
1120	accidencies	['a', 'u', 'e', 'r', 'n', 'l', 't', 'g', 'd', 'i', 's', 'k', 'c']
1121	a__ident	['a', 'u', 'e', 'r', 'l', 't', 'n', 'd', 'i', 'h', 's', 'm', 'k', 'v']
1122	accidental	['a', 'r', 'm', 'l', 'h', 't', 's', 'e', 'n', 'd', 'i', 'k', 'v', 'b', 'c']
1123	accidentalism	['a', 'n', 't', 'i', 'r', 'l', 'o', 'e', 's', 'd', 'h', 'm', 'k', 'v', 'b', 'c']
1124	accidentalist	['a', 'n', 't', 'i', 'r', 'l', 'o', 'e', 's', 'd', 'h', 'm', 'k', 'v', 'b', 'c']
1125	a__identalit_	['a', 'n', 't', 'i', 'r', 'l', 'o', 'e', 's', 'd', 'h', 'm', 'k', 'v', 'b']
1126	a__identall_	['a', 'n', 't', 'i', 'r', 'o', 'e', 'l', 's', 'd', 'h', 'm', 'k', 'v', 'b']
1127	accidentalness	['a', 'n', 'i', 't', 'r', 'e', 'l', 's', 'd', 'h', 'm', 'k', 'v', 'b', 'c']
1128	accidentals	['a', 'r', 'm', 'l', 'h', 't', 's', 'e', 'n', 'd', 'i', 'k', 'v', 'b', 'c']
1129	accidentar_	['a', 'r', 'm', 'l', 'h', 't', 's', 'e', 'n', 'd', 'i', 'k', 'v', 'b', 'c', 'u']
1130	accidentaril_	['a', 'n', 't', 'i', 'r', 'o', 'e', 'l', 's', 'd', 'h', 'm', 'k', 'v', 'b', 'c', 'u']
1131	a__idented	['a', 'u', 'e', 'r', 'n', 't', 'l', 'd', 'i', 'h', 's', 'm', 'k', 'v']
1132	a__idential	['a', 'r', 'm', 'l', 'h', 't', 'i', 'n', 'o', 'e', 's', 'd', 'k', 'v', 'b']
1133	a__identialit_	['a', 'n', 'i', 'r', 'l', 't', 'o', 'e', 's', 'd', 'h', 'm', 'k', 'v', 'b']
